,check_time,id,post_reply,post_symph,post_time,post_title,post_view
0,2019-01-30 18:37:24.917684,13113331,2,0,2019-01-30 17:37:16, 영화 잘 안보는 1인입니다 ,428
1,2019-01-30 19:37:17.026853,13113331,2,0,2019-01-30 17:37:16, 영화 잘 안보는 1인입니다 ,455
2,2019-01-30 20:37:22.395501,13113331,2,0,2019-01-30 17:37:16, 영화 잘 안보는 1인입니다 ,462
3,2019-01-30 21:37:27.520644,13113331,2,0,2019-01-30 17:37:16, 영화 잘 안보는 1인입니다 ,467
4,2019-01-30 22:37:19.644735,13113331,2,0,2019-01-30 17:37:16, 영화 잘 안보는 1인입니다 ,476
5,2019-01-30 23:37:24.794136,13113331,2,0,2019-01-30 17:37:16, 영화 잘 안보는 1인입니다 ,477
6,2019-01-31 00:37:16.978190,13113331,2,0,2019-01-30 17:37:16, 영화 잘 안보는 1인입니다 ,479
7,2019-01-31 01:37:22.035463,13113331,2,0,2019-01-30 17:37:16, 영화 잘 안보는 1인입니다 ,483
8,2019-01-31 02:37:27.056939,13113331,2,0,2019-01-30 17:37:16, 영화 잘 안보는 1인입니다 ,484
9,2019-01-31 03:37:19.104092,13113331,2,0,2019-01-30 17:37:16, 영화 잘 안보는 1인입니다 ,485
10,2019-01-31 04:37:24.103889,13113331,2,0,2019-01-30 17:37:16, 영화 잘 안보는 1인입니다 ,487
11,2019-01-31 05:37:16.023867,13113331,2,0,2019-01-30 17:37:16, 영화 잘 안보는 1인입니다 ,488
12,2019-01-31 06:37:21.029650,13113331,2,0,2019-01-30 17:37:16, 영화 잘 안보는 1인입니다 ,489
13,2019-01-31 07:37:26.099465,13113331,2,0,2019-01-30 17:37:16, 영화 잘 안보는 1인입니다 ,490
14,2019-01-31 08:37:18.229796,13113331,2,0,2019-01-30 17:37:16, 영화 잘 안보는 1인입니다 ,492
15,2019-01-31 09:37:23.290021,13113331,2,0,2019-01-30 17:37:16, 영화 잘 안보는 1인입니다 ,495
16,2019-01-31 10:37:28.432314,13113331,2,0,2019-01-30 17:37:16, 영화 잘 안보는 1인입니다 ,496
17,2019-01-31 11:37:20.958899,13113331,2,0,2019-01-30 17:37:16, 영화 잘 안보는 1인입니다 ,498
18,2019-01-31 12:37:26.057292,13113331,2,0,2019-01-30 17:37:16, 영화 잘 안보는 1인입니다 ,499
19,2019-01-31 13:37:18.112360,13113331,2,0,2019-01-30 17:37:16, 영화 잘 안보는 1인입니다 ,501
20,2019-01-31 14:37:23.136948,13113331,2,0,2019-01-30 17:37:16, 영화 잘 안보는 1인입니다 ,504
21,2019-01-31 15:37:28.227374,13113331,2,0,2019-01-30 17:37:16, 영화 잘 안보는 1인입니다 ,505
22,2019-01-31 16:37:20.392481,13113331,2,0,2019-01-30 17:37:16, 영화 잘 안보는 1인입니다 ,506
23,2019-01-31 17:37:25.527012,13113331,2,0,2019-01-30 17:37:16, 영화 잘 안보는 1인입니다 ,508
