,post_time,id,post_view,post_reply,post_symph,post_title
23,2019-01-24 00:02:19,13087379,1628,3,0, (종료) PS4 널널하네요 ㅎㅎ 무이자 12개월! 
23,2019-01-24 00:11:35,13087441,1477,4,0, ps4 프로 11번가에서 해피머니로 질렀네요 
23,2019-01-24 00:17:10,13087462,2015,4,0, 중고로운 나라 PS4프로 시작가는.. 
23,2019-01-24 00:22:17,13087474,233,0,0, 실패... 
23,2019-01-24 00:27:04,13087495,816,1,5, [아이즈원] 혹시 못보신 분도 있을수 있는 프듀 메보작댕 
23,2019-01-24 00:31:37,13087515,702,4,0, 뒤늦게보고 도전했으나 실패... 
23,2019-01-24 00:36:59,13087547,1309,0,0, 저는 플스프로 2테라를 샀다가 구매취소 ㅋㅋㅋㅋㅋㅋ 
23,2019-01-24 00:41:58,13087573,2136,5,3, 플스는 포기하고 스플래툰 외길인생!!!.jpg 
23,2019-01-24 00:45:13,13087580,4200,29,1, 저도 유튜버 입문해서 용돈이나 벌어보려 했는데요... 
23,2019-01-24 00:51:44,13087593,4353,18,0, ps4 pro 물량 있는 곳 알려드릴까요?(구형) 
23,2019-01-24 00:55:02,13087603,4496,7,0, 홍탁좌 하루5시간자네요 
23,2019-01-25 00:11:14,13091858,794,15,7, 정치는 장기와 같습니다. 
23,2019-01-25 00:21:36,13091886,1589,4,0, 이 루프트한자 카고기는 북한영공을 통과한건지... 
23,2019-01-25 00:31:47,13091907,5529,9,0, 절재절명의 장대높이뛰기 사고.gif 
23,2019-01-25 00:42:07,13091932,3105,12,4, [단독] '폭행 피해' 가이드 '56억 원 달라'..국제 소송 비화 
23,2019-01-25 00:51:35,13091956,893,6,0, J와 K의 진실공방 
23,2019-01-27 00:06:40,13099672,1321,3,0, 근데 스카이캐슬 20화 이야기 할게 있을까요? 
23,2019-01-27 00:17:22,13099722,1073,8,0, 예빈 ㅋㅋㅋㅋ 
23,2019-01-27 00:27:28,13099835,3021,11,0, 아무리 스포가 맞다고 해도 혜나가 염정아한테 저러는 건 이상하지 않나요? 
23,2019-01-27 00:36:58,13099893,3984,11,0, 스카이캐슬 20화 예고 
23,2019-01-27 00:47:09,13099939,2423,14,0, 구형 플스4 있는데 대란 첫날 또 프로 영입..결국 욕심인가 
23,2019-01-27 00:56:57,13099963,5108,18,0, 일본에선 여자력(power)이 유행이라네요 
23,2019-01-28 00:02:05,13102765,2259,8,0, 좀 있다 여친 잡으러 아니 모시러 나갑니다 
23,2019-01-28 00:07:02,13102792,1219,10,0, 현직 광저우 바이윈 공항 스얼 라운지입니다 
23,2019-01-28 00:12:08,13102812,1016,3,0, 생각해보니 영화 쿠르스크가 개봉했을텐데 글이 안 보임 
23,2019-01-28 00:17:07,13102825,1661,6,0, 템퍼 매트리스 알아보다 결국 삼분의일 매트리스로 질렀습니다 
23,2019-01-28 00:22:02,13102843,2069,7,3, 저널리즘 토크쇼 J 실망이네요 
23,2019-01-28 00:27:22,13102862,2173,18,0, 유튜브 수익이 조금 이해가 안되는 부분이 있습니다. 
23,2019-01-28 00:31:14,13102887,1074,22,0, 다들 행복하신가요 
23,2019-01-28 00:36:53,13102911,5685,20,0, 데이트 때매 잠을 못자겠어요.jpg 
23,2019-01-28 00:41:47,13102926,3935,12,0, 와... 과거 행적 밝혀진 것 중에 제일 충격적이네요 
23,2019-01-28 00:45:45,13102938,1862,5,0, 근데 스캐 김서형이 예서를 어떻게하려고 한건지 이해가... 
23,2019-01-28 00:51:55,13102956,1008,11,0, 가입일 쿨타임인가요 
23,2019-01-28 00:56:15,13102963,1546,2,1, AVOD의 상태가....? 
23,2019-01-29 00:07:14,13106641,1220,4,0, 클량 오징어분들 공식 티셔츠... 
23,2019-01-29 00:16:13,13106666,810,0,0, Organic dog shelter -_- 
23,2019-01-29 00:27:03,13106702,727,2,0, 일본보다 케이로스가 더 싫네요? 
23,2019-01-29 00:36:25,13106730,1284,12,0, 결과론이지만 일본축구 잘한다고 욕먹었는데.. 
23,2019-01-29 00:45:58,13106748,847,0,0, [아시안컵] 이란 2골 먹고 좀 멘탈 놨나보군요. 
23,2019-01-29 00:57:12,13106793,5097,5,1, 인생 2회차 .gif 
23,2019-01-30 00:01:42,13110246,1512,12,0, 내일 KT인터넷해지합니다. 
23,2019-01-30 00:07:02,13110260,250,5,0, KT 데이터 나눔합니다(종료) 
23,2019-01-30 00:11:50,13110271,4382,11,0, [상황종료] 동탄원룸 여성살해ㆍ도주 용의자 공개수배…보상금 500만원 
23,2019-01-30 00:17:04,13110284,1688,16,0, 니어 오토마타는... 제 스타일에 안맞네요... 
23,2019-01-30 00:22:22,13110297,1440,0,0, 유튜브에서 몇안되는 자체제작 채널 
23,2019-01-30 00:26:40,13110302,10305,38,27, 버닝썬 사건 경찰의 폭행 CCTV 영상이 나왔습니다 
23,2019-01-30 00:31:51,13110317,952,4,0, 인레이 충치치료한 치아가 1달이 지나도 시리면 -_- 
23,2019-01-30 00:37:28,13110332,1376,2,3, 나를 구속하는 것은 모두 파.괘.한.다.webm 
23,2019-01-30 00:42:03,13110346,569,0,0, 카타르 우승가나요 ㅎㅎ 
23,2019-01-30 00:51:55,13110370,2529,1,1, 축구) 추가골 쌤통이네요.. 
23,2019-01-24 01:00:54,13087608,4990,3,0, 왜 김정은이 레드벨벳 초대했었는지 알았...다는... 
23,2019-01-24 01:11:52,13087630,1647,4,0, 스포) 디씨 원더우먼이 영화에서 
23,2019-01-24 01:16:52,13087638,1498,10,0, 미세먼지 측정기가 고장났나봐요 
23,2019-01-24 01:27:06,13087653,2292,7,0, 플4 대란(?)이 오니 급 고민되네요.. 
23,2019-01-24 01:30:53,13087662,2342,35,0, 애플은 계속 페이스 아이디를 고수하는건 아니겠죠? 
23,2019-01-24 01:35:22,13087667,7225,10,0, 혀로 가버렷.gif 
23,2019-01-24 01:39:32,13087673,2316,8,4, 승태야 학교가자~~ 
23,2019-01-24 01:45:40,13087681,1166,7,0, 범블비를 보고 있는데 ... 
23,2019-01-24 01:50:57,13087684,5265,22,0, JM은 윾튜브 코인 탑승했다가 떡락이네요 
23,2019-01-24 01:56:44,13087688,3399,17,1, 유튜브 관련 뭔가 오해가 있나본데요... 
23,2019-01-25 01:11:39,13092009,671,13,1," 올림푸스 E-M1X, 150-400mm 나왔네요 "
23,2019-01-25 01:21:41,13092037,257,3,0, 자야겠네요. 
23,2019-01-25 01:31:53,13092064,821,1,1, 이란 그냥 피지컬로 밀고 들어가서 골 만들어 버리네요... 2-0 
23,2019-01-25 01:51:33,13092115,2008,16,0, VAR 돌려도 오심이면 어쩌자는걸까요.. 
23,2019-01-27 01:06:44,13099987,3475,13,0, 스카이캐슬)근데 애들 생년월일 설정 이상하네요 
23,2019-01-27 01:16:56,13100008,3570,22,3, [완료] 게임기 본체 하나 나눔갑니다. 
23,2019-01-27 01:26:59,13100030,4746,4,0, [스카이캐슬] 절대 원하지 않는 결말 
23,2019-01-27 01:36:25,13100044,1313,7,0, 국산 3D 애니메이션 아크(Ark) 기억하시나요? 
23,2019-01-27 01:46:37,13100056,1382,4,0, 레데리2 hdr로 플레이 하시는 분 
23,2019-01-27 01:56:03,13100060,2374,2,0, 마마핑크 술자리 했군요 ㅎ 
23,2019-01-28 01:02:13,13102981,3300,6,4, 일본 방문 주의국 지정바랍니다. 
23,2019-01-28 01:06:48,13102994,1851,13,1, 솔직히 먹방하시는분들 건강이 걱정됩니다. 
23,2019-01-28 01:11:39,13103006,1130,4,0, 잠이 안와 한잔합니다 
23,2019-01-28 01:17:25,13103024,563,8,0, 뉴비 인사드립니드아- 
23,2019-01-28 01:20:42,13103030,7461,22,0, 절대 사과안하는 여자 
23,2019-01-28 01:24:11,13103035,5925,8,0, 결국 카광은 그 분에게도 손절당했네요 
23,2019-01-28 01:31:35,13103041,1768,19,0, 뭐하면서 살아야 행복할까요. 
23,2019-01-28 01:37:18,13103054,4487,0,0, 오늘도 1승한 괴도 ㅈㅈ 
23,2019-01-28 01:41:20,13103059,4349,33,7, 손석희 사건을 보며 
23,2019-01-28 01:45:48,13103067,4880,8,0, 문제: 글쓴이의 직급은?.jpg 
23,2019-01-28 01:50:27,13103072,3277,12,1, 헤어진 여친이 생각나면 제대로 미친거 맞죠!? 
23,2019-01-29 01:07:07,13106809,1946,13,1, 국방부 달력 이벤트에 당첨됐네요.^^ 
23,2019-01-29 01:14:58,13106824,924,0,0, 오늘 특히나 생각났던 주먹감자 사건 
23,2019-01-29 01:26:33,13106846,2417,8,0, 종이가 귀하던 시절에는 음력은 매우 경제적인 날짜 공유 시스템이었습니다. 
23,2019-01-29 01:36:17,13106865,6305,16,0, 국가별 애플 서비스.jpg 
23,2019-01-29 01:44:43,13106879,8680,9,0, 군대 방송 레젼드.jpg 
23,2019-01-29 01:56:56,13106897,2606,8,0, 아이폰xs max랑 갤10+ 비교사진 이라는데 
23,2019-01-30 01:01:52,13110392,3570,12,1, 버닝썬 국민청원 하루만에 20만 넘었네요 ㄷㄷ 
23,2019-01-30 01:10:05,13110401,1235,9,0, 어떤 사고를 자신이 처음으로 발견하게 되었다면... 
23,2019-01-30 01:16:59,13110415,798,8,0, 클리앙에 돌+아이는 저 하나만으로 족합니다아아!! 
23,2019-01-30 01:22:05,13110420,227,2,0, KT 데이터 나눔2(완) 
23,2019-01-30 01:26:50,13110425,3518,6,0, 이번에 수학 가형 4등급 받고도 의대를 간 학생도 있네요. 
23,2019-01-30 01:32:24,13110437,1506,9,3, 수도권 초기 집중 발전땐 예타 이런거 없었죠.txt 
23,2019-01-30 01:36:48,13110454,963,3,0, 저도 오늘 킹덤 정주행 완료입니다. 
23,2019-01-30 01:42:07,13110459,388,2,0, 으 출출하네여 
23,2019-01-30 01:44:43,13110462,245,0,0," [music] Sam Smith, Normani - Dancing With A Stranger "
23,2019-01-30 01:55:39,13110478,22763,49,333, 16년도 기사의 정정보도가 19년도에.. 새벽 12시 2분에.. 
23,2019-01-31 01:01:41,13114838,5553,11,0, 재활용으로도 좋았던 옛날TV.jpg 
23,2019-01-31 01:06:03,13114845,4080,5,0," 살라 탑승 추정 비행기 좌석, 프랑스 해변에서 발견...추가 발표 예정 "
23,2019-01-31 01:10:36,13114849,6589,11,0, G80 후속에 장착될 HUD 
23,2019-01-24 02:02:16,13087698,1296,2,0, 박병대는 왜?? 
23,2019-01-24 02:12:01,13087708,10194,22,1, 국경없는포차 근황.jpg 
23,2019-01-24 02:17:09,13087716,9411,22,0, 한국최초의 공인인증서.jpg 
23,2019-01-24 02:26:33,13087722,3660,2,3, 진짜 안녕 아프리카 end 
23,2019-01-24 02:31:11,13087726,4267,38,1, 국내 테크 유튜버는 이제 볼 채널이 없네요.. 
23,2019-01-24 02:35:51,13087729,16071,10,2, 후방) 몸매좋은 19살 중국인 야동 
23,2019-01-24 02:41:11,13087731,3024,10,0, 이래서 비싸도 최신폰을 쓰는 사람이 많군요 
23,2019-01-24 02:44:35,13087735,1870,2,0," 오피셜) 바르셀로나, '프랭키 데 용' 계약 발표 "
23,2019-01-24 02:48:13,13087736,1113,7,1, 수입 vs 휴식 ... 항상 딜레마인거 같습니다. 
23,2019-01-24 02:57:08,13087741,11448,81,429, 문재인 대통령의 67번째 생일을 축하드립니다.jpg 
23,2019-01-25 02:11:35,13092138,3828,12,0, 학원 학생 중에 49살 이란 사람이 있습니다. 
23,2019-01-25 02:20:50,13092156,8071,10,0, 외국 백인 여군이 경례하는 모습 .jpg 
23,2019-01-25 02:32:20,13092170,823,0,0, 소림축구 vs 침대축구 
23,2019-01-25 02:41:48,13092181,2880,18,0," 미국의 스포츠, 사격 "
23,2019-01-25 02:50:13,13092194,970,3,0, 화장실을 못가고있네요 ㅡㅡ.. 
23,2019-01-27 02:04:33,13100076,1060,4,1, 해리포터 읽네요 ㅎㅎ 
23,2019-01-27 02:15:40,13100087,1313,8,0, 마지막 한편 남았네요. 
23,2019-01-27 02:27:10,13100102,10486,11,3, 이날 서현 정말 예뻤던 것 같아요 
23,2019-01-27 02:37:18,13100112,1003,2,0, 가전제품 공구를 해야되는데 온라인 업자 컨택이 
23,2019-01-27 02:47:16,13100122,7121,61,0, 먼나라에서 삼겹살을 구웠습니다. 
23,2019-01-27 02:54:42,13100128,5396,4,0, 극한직업 2백만 넘었네요. 
23,2019-01-28 02:04:16,13103087,906,6,0, 지름을 한번에 많이 했더니 마음이 풍족하면서도 불안하네요 
23,2019-01-28 02:16:40,13103094,802,5,1, 핸드릭스 술을 사고싶었지만 
23,2019-01-28 02:21:20,13103098,5199,2,0, 요즘 공공기관 입사 스펙 보니 ㅎㄷㄷ 하더군요 
23,2019-01-28 02:26:51,13103103,2022,4,0, kt 넷플) 폴라 보다 고구마 먹는줄 알았네요.... 
23,2019-01-28 02:30:14,13103107,2121,2,0, 오늘 토트넘은 어떤 의미에선 꽤나 재미있습니다. 
23,2019-01-28 02:35:40,13103109,1718,1,0, 다운볼팅 짱이네요 ㅎㅎ 
23,2019-01-28 02:37:50,13103110,4860,11,0, 방에 꾸민 돌비 애트모스 
23,2019-01-28 02:43:35,13103112,7423,13,0, 아파트값 올라가는거 보니 ㅎㄷㄷ 하네요 
23,2019-01-28 02:52:04,13103114,1435,3,0, 어메이징 스파이더맨 시리즈를 다시 봤는데.. 
23,2019-01-28 02:53:37,13103116,1706,3,0, 오늘 레이지 보이 질렀습니다 
23,2019-01-29 02:01:43,13106907,2292,2,0, 문통 달력 
23,2019-01-29 02:16:43,13106917,3241,5,0, 일본축구는 스타일을 아예 바꾼건가요 
23,2019-01-29 02:26:10,13106926,10005,12,1, 원피스 차세대 해군대장.jpg 
23,2019-01-29 02:43:43,13106942,3205,17,0, 엘지는 다 좋은데.... 
23,2019-01-29 02:54:25,13106949,1431,4,0, 한달전에 독감걸렸는데 또 걸렸네요 
23,2019-01-30 02:01:38,13110479,1069,2,0, [석유왕 미라지] ‘바이올렛 에버가든’ 우리말 더빙 포함 BD 예판 안내 
23,2019-01-30 02:06:29,13110484,2881,16,0, 안희정을 생각하면 참 한심하기도 하고..아깝기도 하고.. 
23,2019-01-30 02:11:57,13110488,2246,0,0, 선미 사이렌 커버 댄스.avi 
23,2019-01-30 02:15:42,13110494,1434,4,0, 겨울에 커널형 이어폰은 ... 힘들어요 
23,2019-01-30 02:18:14,13110498,1580,9,0," 바이에른 뮌헨의 아르옌 로벤, FC 도쿄와 계약 합의 "
23,2019-01-30 02:25:41,13110501,1319,14,0, 킹덤 2화 봤습니다 
23,2019-01-30 02:31:07,13110505,1334,3,0, 스파이더맨 멀미했습니다 ㅠㅠ 
23,2019-01-30 02:36:49,13110510,2373,8,0, 바이오하자드는 역시 한정판이죠 
23,2019-01-30 02:38:13,13110511,2504,0,0, 결국 e-sim은 한국 도입 안 되나 보네요 ㄷㄷㄷㄷㄷㄷ 
23,2019-01-30 02:47:09,13110517,8073,7,0, 기혼 돌씽 단톡방에 잠입한 야갤러 
23,2019-01-30 02:50:16,13110519,1354,6,0, 이 시간 SK KT Fast.com 측정(SK 한 번 더 측정) 
23,2019-01-30 02:59:12,13110521,895,6,0, Sonoff 서버 죽은거 같네요... 
23,2019-01-31 02:01:39,13114903,3140,9,0, 아악... 이런이런... 사고쳤네요ㅜ. ㅜ 
23,2019-01-31 02:04:44,13114908,2118,4,5, 크리스티나 호프 서머스의 남녀 임금 격차 왜곡 비판.JPG 
23,2019-01-24 03:01:06,13087747,13364,28,190, 경축! 양승태 구속! 
23,2019-01-24 03:10:11,13087752,1420,4,0," 구글 웨이모, 美미시간주에 자율주행차 공장 건립 "
23,2019-01-24 03:22:03,13087754,1839,1,1, 아이즈원) 프로듀스48 일본 반응 달린 영상을 보고 있는데... 
23,2019-01-24 03:26:19,13087756,1463,1,0, 잠도 안오고 바탕화면 할만한 그림을 찾아 돌아다니다 발견한 그림...jpg 
23,2019-01-24 03:31:23,13087758,34048,117,412," [글이 깁니다] 변호사 구하실 때 정말 조심하고, 신경 많이 쓰세요. "
23,2019-01-24 03:36:29,13087760,2326,3,0, 박수를 세상에서 제일 빨리치는 남자.avi 
23,2019-01-24 03:39:09,13087761,2048,20,0, 전동드릴 고민이군요 @_@ 
23,2019-01-24 03:46:26,13087764,3532,4,0, 방금 경찰아저씨가 왔다갔는데 성동구 금남시장인근에 칼들고 돌아다니는 사람이 있다고... 
23,2019-01-24 03:50:48,13087765,2476,8,0, 이쯤에서 보는 ps4 pro 세대별 소음비교 영상 
23,2019-01-24 03:56:33,13087767,3205,8,0, 그랜드캐년 사건 보니까 얼마전 비슷한 상황으로 나라 도움을 받은 게 생각납니다. 
23,2019-01-25 03:02:05,13092204,1078,9,0, 책읽을때 눈이 스킵해버립니다.. 
23,2019-01-25 03:11:56,13092211,3646,25,8, 사람 여럿 보내버린 댓가를 치루는 손폐미 사장 
23,2019-01-25 03:20:40,13092218,5831,6,1, 급격하게 빠른 한국의 고령화 속도.JPG 
23,2019-01-25 03:30:29,13092225,5462,11,0, 세계 각국의 군대 군인들 경례 모습 비교 .jpg 
23,2019-01-25 03:41:18,13092233,3088,4,27, 조선일보 사주 무덤 옮겨라... 
23,2019-01-25 03:49:41,13092239,3723,13,0, 알파스타는 여러모로 실망 + 안심이네요. 
23,2019-01-27 03:05:29,13100133,2172,12,0, 캐논레이크 i3 8121U 리뷰 (인텔 최초의 10나노) 
23,2019-01-27 03:15:02,13100138,1217,7,0, 면도하다 베였네요. 
23,2019-01-27 03:25:38,13100145,4627,9,0, 배두나가 이렇게 연기를 못했었나.. 
23,2019-01-27 03:36:40,13100148,1593,4,0, 스카이캐슬...넷플릭스에 바로 안 올라오네요 ㅠㅠ 
23,2019-01-27 03:44:17,13100155,25685,73,3, 캐나다 600억 호화고급주택 
23,2019-01-27 03:55:22,13100159,1638,1,0, 오늘 이이제이를 들으며 든 생각 2가지.. 
23,2019-01-28 03:01:18,13103120,7209,11,16, JTBC 안지현기자가 오보로 유정호님을 모욕하였습니다. 
23,2019-01-28 03:05:25,13103122,5770,10,0, 카광 이런 이야기도 돌고 있죠 
23,2019-01-28 03:11:04,13103124,1894,2,0, 와.. 아마존 giveaway가 당첨되기도 하는군요. 
23,2019-01-28 03:16:25,13103128,5687,5,1, 심쿵.gif 
23,2019-01-28 03:18:49,13103130,1526,2,0, 넷플릭스 개인정보 관리가 이상하네요 
23,2019-01-28 03:29:44,13103132,1718,9,0, unbox therapy 이사람은 스케일이 남다르네여ㄷㄷ 
23,2019-01-28 03:36:49,13103133,1391,4,1, 이제 유튭 채널구독은 더욱 보수적으로 하게 될것같네요. 
23,2019-01-28 03:41:11,13103135,6238,42,1, 현직 택시기사 주말 수입입니다 혹시 모를 질문도 받습니다 
23,2019-01-28 03:50:40,13103138,2741,10,1, 이상한? 흥미로운 사이트를 하나 발견했습니다 
23,2019-01-28 03:54:09,13103140,5863,33,0, 유튜버 허팝님 최근 컨텐츠.. 
23,2019-01-29 03:17:11,13106955,11789,13,1, 라쿤의 본능과 지능.gif 
23,2019-01-29 03:17:29,13106957,2285,9,0, 아이폰도 소니 카메라 NFC태킹 되네요! 
23,2019-01-29 03:29:42,13106961,3486,10,0, 군문제때문에 삶이 버거워지네요 
23,2019-01-29 03:46:37,13106965,5530,3,0, 직장 생활넘나 행벅행 
23,2019-01-29 03:52:09,13106968,5267,14,0, 죽이 23천원이네요 ㅎㄸ 
23,2019-01-30 03:04:24,13110522,785,6,2, 훌쩍 떠나고 싶네요 
23,2019-01-30 03:21:29,13110529,1626,8,0, 2인용 한글 디아블로3가 스위치에서만 지원되는군요. ㅜㅜ 
23,2019-01-30 03:26:36,13110532,2598,13,11, 꿈에서 죽은 강아지가 나왔네요. 떠나기 싫었던 걸까요 
23,2019-01-30 03:34:29,13110538,1706,4,0, 이 인터넷 속도면 망한건가요? 
23,2019-01-30 03:39:36,13110542,4280,8,0, 신기하게 롯데월드타워 맨꼭대기에는 난간도 없네요. 
23,2019-01-30 03:43:48,13110545,1750,3,0, 그동안 제 피씨 소음의 주범이 파워였다니... 
23,2019-01-30 03:51:48,13110548,7654,3,0, 빅뱅에서 태양이 사고를 안쳤다거 생각하는 분들이 많으시네요 
23,2019-01-30 03:55:02,13110552,1437,3,0, SKB 반기가 Fast.com 
23,2019-01-31 03:07:02,13114948,2278,1,0, 바이오하자드 RE:2 다회차 소감 
23,2019-01-31 03:15:26,13114952,1028,4,1, 요즘 취하면 듣는 승환옹 노래.. 
23,2019-01-31 03:21:08,13114954,3058,13,0, 클량분들중에 5~6평 원룸에 사시는분들 옷은 어떻게 관리하시나요? 
23,2019-01-31 03:30:55,13114957,2828,17,0, 미국 위스콘신 일리노이 날씨 수준이 거의 
23,2019-01-31 03:36:11,13114959,478,0,0, mp3 / 카메라 다 따로 쓰니 용량이 남네요 
23,2019-01-24 04:01:51,13087769,712,3,1, 아... 잠들기 실패... 
23,2019-01-24 04:10:51,13087776,1448,1,0, 알함브라의 추억을 이제서야 봤습니다...좀 허무하네요 걍 단편으로 만들지 
23,2019-01-24 04:21:25,13087780,1296,3,0, 블베 키투가 저를 뽐뿌하네요.. 
23,2019-01-24 04:36:31,13087783,2691,6,4, 금일 노가다 대마찌 
23,2019-01-24 04:40:02,13087785,3664,20,2, 개인적으로 재미있게 봤던 넷플릭스 시리즈물 
23,2019-01-24 04:46:47,13087786,2606,2,3, [펌] 낼 때 마다 망한 소련의 경제개혁들 
23,2019-01-24 04:50:23,13087787,3210,6,1, jm이랑 낭중지추랑 윾머랑 현실친구인가봐요? 
23,2019-01-24 04:55:01,13087790,9321,34,4, 이 와중에 황교익 재평가 
23,2019-01-24 04:59:11,13087791,2859,8,0, 11월 구매 1월 배송 받은 새 키보드 입니다. 
23,2019-01-25 04:11:00,13092248,1518,2,0, 알파스타 잘 하네요 
23,2019-01-25 04:20:51,13092256,2646,9,0, AI 전공자 또는 현직이신분 보고 계신분 있나요 
23,2019-01-25 04:32:08,13092263,2240,6,0, 아이폰 매출 하락을 막기위해 돈이면 다하는 크래커를 불러서 안드를 해킹한다. 
23,2019-01-25 04:40:30,13092265,2184,5,0, [뻘글] 알파스타고 나발이고 
23,2019-01-25 04:51:46,13092276,1990,0,0, 허어....알파스타가 본모습을 드러내는군요?! 
23,2019-01-25 04:54:15,13092277,6268,8,0, 딥마인드의 유일한 1패가 이세돌 9단이라니... 
23,2019-01-27 04:05:51,13100161,2131,4,0, 프리랜서 기자라 그런지 
23,2019-01-27 04:16:29,13100165,9663,13,0, 넷플릭스가 무섭긴 한가보네요 
23,2019-01-27 04:33:42,13100170,972,0,0, 앤썸게임 생각외로 상당히 잘나왔네요 
23,2019-01-27 04:39:53,13100174,415,2,0, [음악] 해이(Hey) - I Love Your All 
23,2019-01-27 04:54:57,13100178,6937,17,2, 손혜원의원 휴전선언? 
23,2019-01-28 04:01:45,13103141,2506,16,0, 넷플 오리지널 영화 폴라 추천합니다 
23,2019-01-28 04:04:37,13103143,1655,2,0, 윾튜브? 까광? 뭐 상세히 잘모르는 채널이지만... 
23,2019-01-28 04:12:02,13103149,36844,181,18, 일본 생활 물가.jpg 
23,2019-01-28 04:20:14,13103152,3846,7,0, 한국 흡연율이 생각보다 엄청 높았군요 
23,2019-01-28 04:22:16,13103153,8982,66,3, 29살 막막하네요ㅠㅜ 
23,2019-01-28 04:30:58,13103156,2545,9,0, 놀란감독 신작 내년 7월17일 북미 개봉예정이랍니다 
23,2019-01-28 04:40:59,13103159,2841,2,0, 한국/아시아 국가 제외 129개국에 아이온 모바일이 출시가 되었다는데... 
23,2019-01-28 04:45:20,13103162,3027,22,13, 금일 노가다 출근 
23,2019-01-28 04:55:06,13103166,46158,247,2, 뉴욕에서 밥먹었는데 영수증 팁란..jpg 
23,2019-01-29 04:01:55,13106972,5307,9,10, 하루를 끝내고 잠자리에 들면서 따뜻한 털뭉치를 안고 잘 수 있다는 건 
23,2019-01-29 04:45:59,13106980,1378,14,0, 3D 게임 멀미 기준을 모르겠습니다. 
23,2019-01-29 04:51:22,13106981,769,5,0, 아우 뉴에그에서 주문한 물품이 중국으로 갔나봐요 ㅜ 
23,2019-01-30 04:00:26,13110555,1093,4,0, fast.com 측정이 브라우저별로 다릅니다. 
23,2019-01-30 04:06:13,13110557,2539,21,2, 디아블로3 출시 초기에는 엄청 재밌었던거 같은데 저만 그랬나봐요 
23,2019-01-30 04:09:31,13110559,3026,1,0, 노스포] 극한직업...예지력 덕분에 망함 
23,2019-01-30 04:22:15,13110565,5154,7,0, 야밤에 카톡이 왔는데 당황스럽네요.... 
23,2019-01-30 04:22:33,13110566,1308,1,0, 오늘 날씨는 좀 포근한 편이네요 ㅋㅋㅋ 
23,2019-01-30 04:36:50,13110569,6390,6,0, 인터넷 속도가 한국이 최고인 줄 알았는데 
23,2019-01-30 04:46:44,13110574,2718,5,0, 야밤의 유로트럭 중 
23,2019-01-30 04:50:53,13110577,2048,1,0, 넷플릭스 모바일 디바이스 화질 이슈 
23,2019-01-30 04:54:19,13110578,2235,0,0, 스카이캐슬 쓰앵님의 과거 심정편(Feat. 뇌피셜 첨가) 
23,2019-01-31 04:04:07,13114972,3550,18,0, 페이스북 iOS 개발자 인증서 취소당해 
23,2019-01-31 04:12:24,13114977,772,1,0, 명절 연휴 
23,2019-01-31 04:14:12,13114978,1845,2,2, 나를 돌아보게하는 상황이네요. 
23,2019-01-31 04:25:30,13114982,6931,29,1," 뻘) 8년 전, 'SSD 가격이 HDD만큼 떨어질까?' 라는 글에 대한 제 댓글 "
23,2019-01-31 04:39:55,13114983,858,3,0, 바르셀로나vs세비야 보시는분 계시나요? 
23,2019-01-31 04:44:56,13114986,1651,6,0, 스파이더맨 갓오브워 등 인기 타이틀 구하기가 쉽지않군요.. 
23,2019-02-01 04:06:54,13118478,3128,4,1, 하와와 남대생쟝 술 마시는 것이에요 
23,2019-02-01 04:12:06,13118481,834,3,0, 하아 아주 오랬만에 카메라 장비병이 도졌네요. 
23,2019-02-01 04:14:44,13118482,1163,1,0, 맥용 지니 플레이어가 나오는 모양이네요. 
23,2019-01-24 05:19:13,13087794,2809,10,0, 현금호송 3일차 나갑니다. 
23,2019-01-24 05:26:29,13087795,4945,28,7, 금일 노가다 대마찌 취소+출근 
23,2019-01-24 05:30:26,13087798,1406,9,0, 애더럴은 복용하면 어떤 느낌인가 궁금하네요 
23,2019-01-24 05:35:10,13087800,4984,12,1, 그랜드캐년 사건은 안타깝네요. 
23,2019-01-24 05:37:54,13087802,4317,7,0, 남자친구 이별 장면을 보니 
23,2019-01-24 05:42:21,13087803,1697,3,0, 으아... 집에가기 귀찮아서 학교에서 밤 샜는데... 
23,2019-01-24 05:48:24,13087804,12006,16,0, 이정도면 쿠팡 미친거 아닌가요?? 
23,2019-01-24 05:59:01,13087805,1635,9,0, 서피스 아크 마우스는 기대보다 좋네요. 
23,2019-01-25 05:07:28,13092283,4638,4,16, 딱 한명씩 작업하는 거 같네요 
23,2019-01-25 05:17:07,13092291,4100,18,3, 플스4 게임들 너무 재미있네요 ( feat. 호라이즌 제로 던) 
23,2019-01-25 05:29:56,13092298,3970,2,0, 와 새벽2시30분에 잤는데 옆집 웃음소리때문에 잠을깼네요 
23,2019-01-25 05:35:21,13092301,5274,2,0, 베트남 대진운이 별로네요... 
23,2019-01-25 05:44:27,13092304,23433,142,148, 아버지랑 어머니가 오늘 동시에 수술을 하세요.. 
23,2019-01-25 05:58:19,13092305,2883,0,0, 이란 VS 중국 
23,2019-01-27 05:05:41,13100181,4122,16,1, 빌라는 주차가 문제네요 
23,2019-01-27 05:15:47,13100184,42423,118,4, 미국 대박 밥집 
23,2019-01-27 05:26:11,13100189,36036,184,11, 야동 이제 무조건 구속 중범죄로 다스린다네요 
23,2019-01-27 05:31:06,13100191,1864,4,0, 소너스 파베르 SF16 무선 스피커 
23,2019-01-27 05:46:20,13100196,5850,2,0, 델 21인치 모니터 9만3천원에 겟또 
23,2019-01-27 05:54:24,13100198,4305,6,3," 유정호님 2년 구형에, 그 분을 돕겠다고 나서는 변호사분들도 있네요 "
23,2019-01-28 05:05:30,13103170,817,2,0, 적폐청산이라는데 한가지 되새김질해볼 게 있습니다 
23,2019-01-28 05:20:29,13103174,2291,7,1, 그랩이 신용카드 안 받네요..? ㅠㅠ 
23,2019-01-28 05:25:05,13103178,10918,6,0, 단풍국 코스트코인데 직원이 한국인인듯? ㄷ ㄷ ㄷ 
23,2019-01-28 05:34:58,13103179,1848,5,0, 대중탕 많이 가시나요 
23,2019-01-28 05:40:12,13103181,2025,6,0, 이문세는 약간 외국인 같아보이지 않나요? 
23,2019-01-28 05:46:48,13103182,7918,14,0, 오늘 뭐 발표되나봅니다. 
23,2019-01-28 05:49:48,13103183,3827,9,0, 미국이랑 캐나다랑 팁 문화가 많이 다르더군요 
23,2019-01-28 05:57:59,13103186,2008,4,0," '프란치스코 교황, 11월 일본 방문…히로시마 등 피폭지 찾을듯' "
23,2019-01-29 05:05:26,13106983,2209,4,0, 시계를 봤는데 다섯시 삼분이네요 재수없개 
23,2019-01-29 05:16:47,13106989,2806,17,1, 이번엔 시티팝 이다~ ^.^ 
23,2019-01-29 05:26:00,13106990,3076,9,1, 갤S10+와 아이폰Xs맥스 베젤 생각했던거 하고 좀 다르네요 
23,2019-01-29 05:33:57,13106993,1766,1,1, 5:30 
23,2019-01-29 05:39:29,13106996,4673,12,0, (수정)넷플릭스 화질이 왜 이런가요. 
23,2019-01-29 05:56:35,13107003,4051,12,0, 연말정산 크으... 
23,2019-01-30 05:04:35,13110580,1302,3,1, fast측정 업로드속도가 비약적으로 높네요 
23,2019-01-30 05:09:53,13110581,2442,6,1, 아까 너무 춥다고 한거 취소할게욤.. 
23,2019-01-30 05:19:50,13110585,1361,1,0, 희안하게 같은날 firefox 하고 chrome 모두 새버전이 올라왔네요 
23,2019-01-30 05:24:23,13110586,787,3,1, 오늘은 뭐하지 ㅠㅠ 
23,2019-01-30 05:41:31,13110592,2024,5,0, 넷플릭스 얼터드 카본을 몰아보면서 문득 이런 생각이 들더군요. 
23,2019-01-30 05:45:00,13110594,2790,6,0, 스위스에서 해봤습니다 fast.com 
23,2019-01-31 05:02:19,13114989,3002,5,0, 레이져 감성 게임패드. 
23,2019-01-31 05:10:43,13114992,2245,4,0, 와... 이번 도쿄 일정은 정말 죽을 맛이네요. 
23,2019-01-31 05:35:10,13114995,1948,5,0, 양아치 
23,2019-01-31 05:41:44,13114998,1496,7,0, 어제보다 날이 그래도 풀린 것 같네요. 
23,2019-01-31 05:42:52,13114999,4985,29,0, 현직 미국 위스콘신입니다 
23,2019-01-31 05:55:35,13115004,6758,26,10, kbs mbc 보도...진짜 할말을 잃었네요... 
23,2019-01-31 05:59:11,13115007,2316,26,0, 택시기사 질문 받아요 짤은 월요일부터 현재까지 매출 내역 
23,2019-02-01 05:16:09,13118500,3097,34,0, 혹시 유럽에서 도난사고 당해본 분 계신가요? 
23,2019-02-01 05:21:52,13118503,2311,8,0, 양파즙을 하루에 세개씩 먹으려고 했는데요 
23,2019-02-01 05:25:36,13118504,3616,11,0, 메가박카스콤보...라고 ㅋㅋㅋㅋ 
23,2019-01-24 06:17:04,13087807,2316,4,6, 야호 양승태 구속~ 
23,2019-01-24 06:20:37,13087810,1995,13,0," 역시 지샥은 그나저나 게으름뱅이로 안 살으라 해줍니다, "
23,2019-01-24 06:35:50,13087812,2908,5,1, 커피.jpg 좋아하세요? 
23,2019-01-24 06:41:57,13087816,2727,9,1, 어제자 골목식당을 보면서 
23,2019-01-24 06:46:44,13087821,7106,7,35, 목포mbc 한건 했네요. 
23,2019-01-24 06:49:27,13087823,1886,7,6, 이 와중에 연합뉴스 
23,2019-01-24 06:55:34,13087828,2894,4,0, 헐.... 양승태 구속이라니.... 
23,2019-01-25 06:11:06,13092312,6389,12,0, 양꼬치.jpg 좋아하세요? 
23,2019-01-25 06:13:12,13092313,2549,3,0, 바하2 괜히 스팀으로 샀나 싶네요. 
23,2019-01-25 06:30:02,13092316,3897,7,2, 넷플릭스 '오티스의 비밀 상담소' 좋네요. 
23,2019-01-25 06:41:20,13092319,5532,8,10, 고양이와 첫 밤이 지났어요 
23,2019-01-25 06:51:02,13092323,7619,18,4," 작가 김수현, 전두환·이순자 '찬양' 파문 "
23,2019-01-25 06:55:44,13092326,3774,1,0, 토트넘 졌네요. 
23,2019-01-26 06:33:53,13096948,14883,2,0, 홍삼이 성기에 매우 좋은 이유 .jpg 
23,2019-01-26 06:55:56,13096959,1315,1,0, 밤샛네요. -_-; 
23,2019-01-27 06:03:38,13100199,2939,3,0, (덕주의) 마조히즘이란 말이죠 
23,2019-01-27 06:13:10,13100201,2883,4,2, 드라마 킹덤 이거 전정권 얘기 아닌가요? 
23,2019-01-27 06:27:14,13100205,2331,8,1, (노스포) 넷플릭스 킹덤 괜찮네요 
23,2019-01-27 06:32:04,13100206,3867,3,0, 넷플릭스 킹덤 한글 자막 켜고 봤습니다. 
23,2019-01-27 06:40:05,13100208,3965,2,1, 사무실 숙소에서 또하나 찾아냈습니다. 그리고 제니퍼 로페즈 
23,2019-01-27 06:53:34,13100211,4549,7,0," 스카이캐슬 혜나, 예서 배우 나이가 다들 꽤 많네요 "
23,2019-01-28 06:02:28,13103187,10239,11,1, 10평 원룸.jpg 
23,2019-01-28 06:08:59,13103190,8597,10,1, 귀귀-비빔밥.jpg 
23,2019-01-28 06:21:49,13103192,5352,11,2, 현금호송 5일차 근무... 
23,2019-01-28 06:26:17,13103197,6750,1,0, 동탄서 남녀 흉기 찔려 1명 사망…용의자 추적 
23,2019-01-28 06:35:57,13103201,1772,3,0, 안드로이드 Q 어플 업데이트 롤백 지원 
23,2019-01-28 06:47:09,13103203,2239,4,0, 오피스텔 관리주체 문제 
23,2019-01-28 06:50:43,13103204,2873,2,1, 아침부터 웃기는 댓글을 봤습니다. 
23,2019-01-28 06:54:45,13103205,3651,9,0, 식당에서의 팁 문화 ... 
23,2019-01-29 06:02:41,13107005,17713,58,97, 피자배달알바 이야기 
23,2019-01-29 06:16:46,13107008,62327,102,80, 빅뱅 승리 클럽에서 벌어진 집단폭행 MBC 단독보도.gif 
23,2019-01-29 06:29:13,13107010,2860,11,0, 해외여행 관련 커뮤니티를 보다보면 한국음식점 불만은 꼭 나오네요 
23,2019-01-29 06:44:05,13107016,28931,71,80, 번아웃 된것 같은데 미치겠네요 
23,2019-01-29 06:55:01,13107018,11366,3,2, 인도 정치 현황.jpg 
23,2019-01-30 06:05:53,13110597,25329,41,174, 와... 한국일보 개 쓰레기들... 
23,2019-01-30 06:13:15,13110598,5519,3,0, 러시아산을 원합니다. ㅠㅠ 
23,2019-01-30 06:21:30,13110602,2731,3,0, fast아무리 무선이라지만.... 
23,2019-01-30 06:24:29,13110603,4194,11,0, 하아...돈이 솔솔 빠집니다 
23,2019-01-30 06:31:20,13110604,1092,9,0, 물론 일부가 전체를 대변할 수는 없지만 
23,2019-01-30 06:37:24,13110607,4523,21,1, 마지막 플스 도전하러 목동 현대백화점 왔습니다. 
23,2019-01-30 06:40:40,13110609,1654,0,0, 저도 네덜란드에서 fast.com해보았습니다. 
23,2019-01-30 06:43:37,13110613,2834,10,0, 밤을 꼴딱 새고 이직 면접에 갑니다ㅜㅜ 
23,2019-01-30 06:53:28,13110615,2527,11,0, 뒤늦게 오늘 플스가 재입고 된다는걸 알아서... 
23,2019-01-31 06:06:31,13115008,2772,6,10," 김경수지사 소식에 문득 한나라, 새누리, 자한당 댓글부대는 어찌되는건지 궁금하네요 "
23,2019-01-31 06:15:48,13115012,1049,1,0, 에어프라이어 as 때문에 반품택배 보냈는데 
23,2019-01-31 06:21:23,13115014,1816,2,0, 구글플레이 데드풀2 세일합니다! 
23,2019-01-31 06:23:50,13115016,3527,8,0, 김경수 구속됐다고 분통터지지 맙시다. 
23,2019-01-31 06:27:35,13115017,6084,15,2, (혐) 유튜브에 이상한 한국어 문법으로 쓰여진 .. 
23,2019-01-31 06:36:38,13115020,2769,8,0, 손흥민 골!!! 
23,2019-01-31 06:45:08,13115027,933,2,0, 요렌테!!! 대니 로즈! 
23,2019-01-24 07:00:46,13087833,5038,5,1, 역시나 되팔렘들은 등장하는군요;;; 
23,2019-01-24 07:10:35,13087842,875,0,0, 양승태 구속됬나보네요? 
23,2019-01-24 07:16:54,13087849,1643,20,0, 알리에서 구매한 외장케이스 불량...ㅠ 
23,2019-01-24 07:20:57,13087855,1334,0,0, 국밥 성애자이지만..백반이 땡깁니다.. 
23,2019-01-24 07:22:11,13087856,5930,6,4," ""목포는 호구?""…목포시민들 한국당에 '부글부글' "
23,2019-01-24 07:31:59,13087861,2254,4,0, 스와치 오토매틱 크로노 입니다 
23,2019-01-24 07:36:41,13087867,2396,2,0, 플스 슬림 구매성공했는데.. 그냥 취소해야겠습니다. 
23,2019-01-24 07:42:02,13087881,2468,5,5, 그러고 보니 이명박도 강유미 취재 대상이었군요. 
23,2019-01-24 07:47:23,13087888,2313,10,0, 쿠팡이 잘되었으면 좋겠습니다 
23,2019-01-24 07:52:16,13087895,2736,7,0, 몽블랑 스왓은 중국산일까요? 
23,2019-01-24 07:55:28,13087898,32444,84,141, jtbc의 기계적 중립.jpg 
23,2019-01-25 07:10:36,13092333,4609,2,0, 인터파크에서 플스 샀는데 
23,2019-01-25 07:18:44,13092335,7172,11,9, 비뇨기과 전문의가 알려주는 소변 잘 싸는 자세.jpg 
23,2019-01-25 07:31:51,13092341,3815,15,0, PS4PRO + 듀얼쇼크추가로 41만이면 나쁘진 않겠죠? 
23,2019-01-25 07:38:21,13092347,4154,8,0, 현금호송 4일차 
23,2019-01-25 07:52:05,13092363,6952,8,0, 신임소대장과 분대장이 싸웠을때.jpg 
23,2019-01-26 07:05:12,13096961,5529,6,1," 움짤) FA컵) 아스날 V 맨유, 골 장면.gif "
23,2019-01-26 07:11:15,13096968,8216,10,0, 성스러운.jpg 
23,2019-01-26 07:24:55,13096975,1631,3,0, 국대 축구가 승부를 떠나서 재미가 없었어요. ㅠㅠ 
23,2019-01-26 07:34:11,13096976,3910,3,0, 냥스러움.jpg 
23,2019-01-26 07:46:40,13096985,1866,7,0, 하아... 새벽에 게임 카톡.. 
23,2019-01-26 07:55:37,13096992,1511,5,0, [밀리] 밀덕 아재는 어쩔 수 없네요. 
23,2019-01-27 07:05:58,13100216,12663,128,30, 9급 공무원 고졸채용 2배로... 재직중 진학땐 등록금 전액지원 
23,2019-01-27 07:14:14,13100218,2060,14,0, (킹덤) 과연 누가 나쁜 놈인가? '조학주' 를 위한 변명 (약스포) 
23,2019-01-27 07:25:30,13100223,1322,5,0, 논란이 되는 대부분의 문제는 기회의 불평등인듯 합니다 
23,2019-01-27 07:36:03,13100226,3030,15,0, 스스로에게 아이패드 가격이 용납이 안됨 ㅠㅠ 
23,2019-01-27 07:47:11,13100232,1598,1,4, 너무 오래 단식했더니 배가 많이 고프네요 
23,2019-01-27 07:54:57,13100238,4082,7,1, 접는 스마트폰 
23,2019-01-28 07:06:43,13103209,22170,38,198, 근데 SBS는 정말 사과방송 안할려나봐요.. 
23,2019-01-28 07:10:27,13103212,3159,4,0, 한달전의 저에게 싸다구를 날려주고 싶네요 
23,2019-01-28 07:16:23,13103216,1342,6,6, 사람은 아파야 평소 건강할때 고마움을 느끼나 봅니다. 
23,2019-01-28 07:17:23,13103217,2283,6,0, 팁문화... 그리고 한국사람 여행지... 
23,2019-01-28 07:24:10,13103223,2131,1,0, 씻다가 갑자기 생각난건데 스카이캐슬 혜나는 약 부작용 때문에 그렇게 된게 아닌가 생각을 했습니다. 
23,2019-01-28 07:32:02,13103226,2593,16,0, 노로바이러스 한번 걸리고 굴 소라는 손도 못대겠어요 
23,2019-01-28 07:36:58,13103231,5764,88,10, 경차 타다보니 차에 대한 욕심이 안생겨요 
23,2019-01-28 07:40:40,13103237,4224,11,1, 주유소 자동세차장에서 가끔 팁주는데요 
23,2019-01-28 07:46:02,13103242,1098,9,5, 아침부터 정춘숙 의원 봤습니다 
23,2019-01-28 07:50:11,13103246,949,3,0, 기어s3 업데이트 하고 나니 배터리 타임이 늘어난 거 같아요 
23,2019-01-28 07:56:42,13103251,4366,13,0, 미국에서도 팁 없애자는 운동이 있는 것 같아요 
23,2019-01-29 07:02:09,13107023,10867,5,1, 홍콩 유학생 ㅗㅜㅑ... 
23,2019-01-29 07:14:50,13107025,1136,2,1, 하던일이 안풀릴땐 몸이 많이 아프더니 잘풀리니 몸상태가 좋아지네요 
23,2019-01-29 07:24:34,13107031,2938,16,0, 한 시간만 더 일찍 잘 걸.. 
23,2019-01-29 07:36:24,13107043,2829,13,0, 현금호송 6일차 출근합니다. 
23,2019-01-29 07:45:09,13107049,2065,9,0, 소주한병에도 몸이 축 처지네요.. 
23,2019-01-29 07:52:48,13107056,901,1,0, [유튜브] 아침부터 엄청 빠른고 에너제틱한 음악으로 시작하세요. 
23,2019-01-30 07:00:37,13110620,1929,2,0, fast.com 맥시코에서 해봤습니다 
23,2019-01-30 07:07:06,13110625,19406,52,295, 5일차) 나경원 의원님 내년 설은 쉬실 수 있게 해드릴게요 
23,2019-01-30 07:10:24,13110630,1445,7,0, fast.com 글들 보니.. 
23,2019-01-30 07:16:53,13110634,2776,17,0, 잦은 이직에 대한 인식이 국내/해외 다른가봐요 
23,2019-01-30 07:21:02,13110639,2631,3,0, PUBG를 이제야 해봅니다 
23,2019-01-24 08:01:15,13087904,3468,18,0," 출근중에 , 플스 구매줄이 길다는 소식을 듣고 "
23,2019-01-24 08:04:33,13087906,1696,7,0, 그림 구경 오세요 .. 좋은 사이트 발견 .. 
23,2019-01-24 08:12:13,13087920,1268,7,0, 제가 프로그래머라면. 기레기필터를 만들고 싶은데 
23,2019-01-24 08:16:02,13087930,1597,6,0, 와~쿠팡 새벽배송이 왔어요. 
23,2019-01-24 08:21:44,13087942,973,8,0, 도량형이 참 바꾸기 어려운것 같네요. 
23,2019-01-24 08:26:28,13087954,3920,53,0, 프로그래머는 자기가 원하는거 뚝딱 만들어 쓰시나요? 
23,2019-01-24 08:35:14,13087973,6431,17,0, 횡단보도 빌런.gif 
23,2019-01-24 08:42:04,13087987,639,15,68, 릴레이533일)장충기 삼성공화국과 적폐청산 그날까지!!! 
23,2019-01-24 08:47:15,13088004,403,1,1, 아이즈원 기프트카드 벌써 받으신분이 있나봐요 
23,2019-01-24 08:51:51,13088017,6890,23,2, [혐] 팔도의 딸 
23,2019-01-24 08:57:01,13088031,5307,26,0, 세상에서 가장 검은 물질.. 
23,2019-01-25 08:11:15,13092387,4785,6,0, 지금 만약 통속의 뇌 상태라면.jpg 
23,2019-01-25 08:21:25,13092400,1117,26,3," 다음 달, 23일 첫 아기가 태어나네요 ㅎㅎ "
23,2019-01-25 08:32:06,13092422,2867,9,0, 오뚜기 떡라면 
23,2019-01-25 08:40:41,13092448,2345,23,12, 김어준 총수님이 실수하면 까실거냐구요? 
23,2019-01-25 08:52:07,13092471,1979,11,0, 저희집 강아지가 하는일... 
23,2019-01-26 08:05:33,13097001,1824,11,0, 노트북 메모리 8기가 16기가 실사용 차이 날까요? 
23,2019-01-26 08:15:36,13097008,4069,12,5, '외유 추태'에 56억 소송…변호사 비용도 군민 혈세로? 
23,2019-01-26 08:26:10,13097018,3038,14,0, 플스4 사려다가.. 타이틀가격보고 
23,2019-01-26 08:35:07,13097030,1693,18,0, 현직 시애틀 Museum of flight (ㅎㅎ) 기념품샵입니다... 
23,2019-01-26 08:46:54,13097041,332,0,0, 으아 빨리 퇴원하고 싶습니다 
23,2019-01-26 08:56:06,13097056,385,0,0, 영화보러 왔는데 아시안컵 광고하네요 
23,2019-01-27 08:03:48,13100246,1974,2,0, 페이스북·SKB 망사용료 계약…구글·넷플릭스도 영향받나. GISA 
23,2019-01-27 08:15:57,13100253,10065,6,0, 출소한 좀비들.gif 
23,2019-01-27 08:24:37,13100259,4477,9,0, 보면 뜨악함 무조건 뜨악함 
23,2019-01-27 08:45:53,13100278,2069,9,0, 아이패드 12.9를 반으로... 
23,2019-01-27 08:56:54,13100292,2790,12,0, 극한직업 땜에 최근에 가장 많이 웃엇습니다 
23,2019-01-28 08:01:54,13103258,2235,12,0, 어제자 클리앙순위 
23,2019-01-28 08:05:52,13103264,2549,23,0, 캐나다 팁 
23,2019-01-28 08:16:55,13103281,3182,23,11, 팁은 서양의 임금처계가 병맛이라는걸 인증하는거 아닌가요? 
23,2019-01-28 08:21:55,13103289,5914,5,2, 플스 대란을 맞이하는 자세 
23,2019-01-28 08:26:57,13103296,2074,16,0, “해외에 없는 이런 법”이 우리나라에만 있으면 좋겠군요 
23,2019-01-28 08:31:23,13103312,983,2,0, 넷플 kt 기가 속도.... 
23,2019-01-28 08:36:10,13103318,4535,10,1, 친구님이 캐나다 생활 8년만에 시민권을 받았다네요. 
23,2019-01-28 08:42:22,13103327,2954,27,1," 알바학생.. 근무 20일여일만에 지각 2회, 당일 출근 못한다고 통보 1회 "
23,2019-01-28 08:47:04,13103342,5094,6,6," Sbs, '다팠어요!!!' 이제 어쩌지?? "
23,2019-01-28 08:52:00,13103357,613,6,0, 경기도 양평에는 밤사이 눈이 조금 내렸습니다. 
23,2019-01-28 08:55:47,13103368,2501,26,0, 팁은 정말 노답이에요... 
23,2019-01-29 08:05:47,13107069,12492,14,1, 민경이의 부탁 카톡.jpg 
23,2019-01-29 08:15:44,13107077,5526,25,3, 업무량이 많은 제게 마누라가 매크로를 만들어주었습니다 ㅠ 
23,2019-01-29 08:25:37,13107094,2136,10,0, 건너편 Credit Suisse는 밤새 불 켜져 있군요.. 
23,2019-01-29 08:36:49,13107107,1223,4,3, 아재의 뮤직비디오 ㄷ ㄷ ㄷ 
23,2019-01-29 08:47:18,13107124,2062,4,0, 케이스 하나 산거 이건 정말 무겁네요 
23,2019-01-29 08:57:17,13107148,2606,32,1, 부동산은 더 때려야합니다 
23,2019-01-30 08:01:40,13110679,1102,8,0, 청하 노래 넘 좋아요.utube 
23,2019-01-30 08:06:29,13110682,1724,3,0, 넷플릭스 깍두기 현상에 불만 있으신 분들 모니터 채도를 낮추시길 바랍니다. 
23,2019-01-30 08:10:26,13110693,811,6,2," GS25 나만의 냉장고, 버터갈릭 팝콘 나눔합니다 "
23,2019-01-30 08:16:16,13110697,3901,22,0, 삼성은 탭s4에 무슨짓은 한건지 
23,2019-01-30 08:20:29,13110699,2082,8,0, 1일 1쿠팡 중인데 걱정되네요. ㅠㅠ 
23,2019-01-30 08:26:30,13110710,5499,34,29, 금일 노가다인 구직어려움 
23,2019-01-24 09:02:09,13088044,884,10,0, 아이폰7 마이크 짜증나네요;;; 
23,2019-01-24 09:11:53,13088068,2594,10,0, 성실히 오전업무 수행중..jpg 
23,2019-01-24 09:16:42,13088089,2788,11,0, 플스4 죽전 이마트.. 
23,2019-01-24 09:21:58,13088110,2465,15,6, 그래도 윾튜브가 불쌍하다고 생각하는게 
23,2019-01-24 09:26:43,13088128,1576,13,1, 쿵쾅시대 댓글.. 
23,2019-01-24 09:31:25,13088150,3294,0,0, PS4 할인관련 속보라네요. 
23,2019-01-24 09:37:29,13088175,332,0,0, 치과에서 항생제. 소염제 약처방 받았어요 
23,2019-01-24 09:47:17,13088226,3628,6,0, 객기의 최후.gif 
23,2019-01-24 09:52:15,13088254,2321,11,0, “기부왕이 아니라 사기왕”…‘한국의 워런 버핏’ 박철상의 몰락 풀스토리 
23,2019-01-24 09:57:14,13088271,1663,10,0, 분명 플스4를 이렇게 할인해서 푸는건 
23,2019-01-25 09:02:05,13092498,1909,16,17," 손석희의 기계적 중립, 페미선호 사상(?)에 질려서 안보는 입장에서... "
23,2019-01-25 09:12:03,13092531,2865,12,5, 어제 뒷문 승차하는 얌체족 길막했더니... 
23,2019-01-25 09:20:56,13092557,22791,44,175, 박진성 시인 근황 
23,2019-01-25 09:32:09,13092600,2541,27,1, 성남시 아동수당 12만원 지급 
23,2019-01-25 09:42:18,13092634,219,0,1, 이제 알겠습니다. 
23,2019-01-25 09:52:11,13092683,3648,8,0, 2020 벤츠 E클래스 페이스리프트 위장막.jpg 
23,2019-01-26 09:07:12,13097083,1922,9,2, 저밑에 결혼하신다는 분 
23,2019-01-26 09:15:37,13097106,2628,7,1, 동생놈 명복 빌어주신 분들 감사합니다 
23,2019-01-26 09:25:29,13097128,4113,7,0, 쿠팡은 진심 대단하네요. 
23,2019-01-26 09:37:04,13097156,1802,2,1, 저 밑에 결혼하신다는분... 
23,2019-01-26 09:47:26,13097184,1546,6,0, 사실 제가 축구 국대라도 시합에 집중하기 어려웠을 것 같아요. 
23,2019-01-26 09:57:20,13097205,4742,5,1, 노르웨이 풍경.jpg 
23,2019-01-27 09:06:19,13100310,5486,18,1, 원룸은 옆집을 잘 만나야겠네요 
23,2019-01-27 09:16:57,13100326,2018,6,0," 일본, 인플루엔자 비상..괴성 등 아동 '이상행동' 주의 "
23,2019-01-27 09:27:14,13100342,2149,1,0, 세리야!! 
23,2019-01-27 09:36:12,13100376,3826,7,0, [스포무] 킹덤.. 실제 창덕궁에서 촬영한 모양이네요? 
23,2019-01-27 09:46:43,13100389,7104,14,0, 박지성 남아공 월드컵.GIF 
23,2019-01-27 09:56:59,13100417,872,3,1, 개인적으로 조선의 문제는... 
23,2019-01-28 09:02:02,13103385,12057,30,1, 백두산 천지 실제 크기.gif 
23,2019-01-28 09:11:28,13103407,4800,2,0, 담배피면서 스위치하기.jpg 
23,2019-01-28 09:17:14,13103428,400,14,1, 욥! 생일자 입니다. 
23,2019-01-28 09:21:14,13103441,5287,51,0, 미국의 팁문화 꿀팁 
23,2019-01-28 09:26:11,13103449,1339,4,0, 11일에 샀던 인텔 SSD 오늘 오겠네요 
23,2019-01-28 09:32:15,13103466,2476,11,0, 3조원 쓸어담은 외국인.. 美中日보다 뜨거운 '1월 코스피' 
23,2019-01-28 09:36:32,13103477,4310,27,0, 그랜드케년 사고 찬반토론 근황 
23,2019-01-28 09:42:08,13103491,828,7,0, 노스포) 킹덤 아직 1화 다 못봤지만... 딕션보다는 
23,2019-01-28 09:46:39,13103510,1859,8,0, 플스 이마트에서 오늘 풀리는 거 맞나요? 
23,2019-01-28 09:51:02,13103527,4317,4,1, 스카이 캐슬 무서운 사실 
23,2019-01-28 09:56:18,13103547,2984,30,0, 펀드 눈물나네요 ㅠㅠ 
23,2019-01-29 09:06:14,13107171,1186,7,11, [도서] 2019년을 시작하는 독서 목록 
23,2019-01-29 09:15:03,13107201,2149,5,0, 카카오뱅크 세이프 박스 쓰다가....정기예금으로 돌렸는데....이자쌓이는 이미지가.. 
23,2019-01-29 09:26:57,13107240,853,2,0, 펜 있는 태블릿....활용도가 떨어지는 듯 해서 ...영어공부하는데 쓰기로 했습니다. 
23,2019-01-29 09:36:56,13107275,1241,3,0, 버즈 오브 프레이에 나올 할리퀸.. 
23,2019-01-29 09:47:26,13107313,1427,2,0, 애플워치 에르메스 페이스 한번 해봤습니다.. 
23,2019-01-30 09:00:01,13110783,979,9,0, 다들 인터넷 속도 올리시길래 ... 저도 FAST.COM 
23,2019-01-30 09:05:44,13110796,1220,9,0, 아이패드프로 12.9 보다가 갤럭시탭S4 실제 동영상 화면크기를 보니.. 
23,2019-01-30 09:12:01,13110811,686,9,71, 릴레이539일)장충기 삼성공화국과 적폐청산 그날까지!!! 
23,2019-01-30 09:16:58,13110835,1584,5,4, (그림) 주말 삼청동 
23,2019-01-30 09:22:22,13110861,656,0,0, 새만금 공항건 보다보니 미군 시설 여기저기 많군요 
23,2019-01-30 09:26:40,13110876,1495,14,0, 평화나라는 업자나라군요?! 
23,2019-01-24 10:01:58,13088304,959,20,0," 아이폰 6부터 XS MAX 시리즈까지의 'ㅣ,ㅔ' 키보드 씹힘 현상 관련 푸념 "
23,2019-01-24 10:12:10,13088348,525,1,0, 3알시스 전면 메쉬 케이스 새로 나왔네요 
23,2019-01-24 10:16:57,13088373,880,0,0, 부럽습니다 플스사신분들.. 
23,2019-01-24 10:22:03,13088403,323,1,0, 모공 보고있으니 이미 플스있는데도 구매욕구가 생길라하네요. 
23,2019-01-24 10:26:35,13088423,1049,10,0, 첫 플스4 구입자 분들 PSN 플러스 가입하시고 디비전 받으세요. 
23,2019-01-24 10:37:24,13088479,770,6,0, 허락보단 용서가 빠르다더니;;; 
23,2019-01-24 10:47:17,13088541,788,8,1, 플스못산 유분데요.. 
23,2019-01-24 10:51:57,13088572,1055,11,1, 전 플스대란때 쌀20kg를 샀습니다.(SKT 홈플20% 쿠폰) 
23,2019-01-24 10:56:48,13088595,2780,30,0, 자동차 바퀴에 점좀 안찍었으면.. 
23,2019-01-25 10:12:03,13092774,2880,10,1, 렌털업계 '커진 LG 존재감'..'고맙지만 얄미워' 왜? 
23,2019-01-25 10:22:28,13092817,4199,16,1, JYP한테 면접보기.jpg 
23,2019-01-25 10:32:17,13092860,2048,4,1, 미국밥차 
23,2019-01-25 10:42:11,13092904,229,2,2, [나눔] KT 데이터 100mb * 5 
23,2019-01-25 10:51:51,13092952,1129,15,3, 이젠 손혜원에서 손석희인가? 
23,2019-01-26 10:06:03,13097229,542,10,0, 소름돋거나 음산한 음악? 
23,2019-01-26 10:16:08,13097262,789,1,0, 말로만 듣던 기레기 기사 
23,2019-01-26 10:26:51,13097293,3435,30,3, 日방위성 간부 '캘리포니아로 열도 옮기고 싶다' 
23,2019-01-26 10:37:06,13097326,1493,21,0, 작다. 크다. 이 표현이 상대적 개념인가요? 
23,2019-01-26 10:47:23,13097348,745,5,0, 프포 타이틀 일단 싼거부터 사야겠어요 ㄷㄷ 
23,2019-01-26 10:57:13,13097371,2214,13,4, 스압)포켓몬스터 로켓단 로사의 이야기.jpg 
23,2019-01-27 10:06:19,13100438,15653,6,3, 약후) 손님 줄서게 만드는 꼬치녀.gif 
23,2019-01-27 10:15:07,13100456,2730,5,0, 1박2일 재방 보는데.....출연자가....핸펀으로 찍은 화면도 차이가 안나네요? 
23,2019-01-27 10:27:16,13100476,2636,6,1, 10년전 메이플계정에서 까먹은 메소찾음.jpg 
23,2019-01-27 10:37:00,13100496,5938,7,0, 좋아하는 아이유 짤2.gif 
23,2019-01-27 10:45:49,13100515,2055,6,0, 킹덤 극본 무엇? 
23,2019-01-27 10:55:39,13100543,1076,13,0, [약약스포?] 뮤지컬 라이온킹 내한공연 중 누락된 곡이 있는 것 같아요... 
23,2019-01-28 10:01:59,13103571,1592,4,1," 윾튜브는 카광, 손사장덕분에 복귀하기 쉽겠네요 "
23,2019-01-28 10:06:58,13103589,729,6,0," 아이패드프로 1,2세대용 스마트키보드와 3세대용 장단점 "
23,2019-01-28 10:11:02,13103596,1537,5,6, 한편의 코메디.... 자유한국당 국회 집회 .avi 
23,2019-01-28 10:17:30,13103622,1672,17,0, 요새 공무원은 담당자가 바뀌면 전화번호가 바뀌네요. 
23,2019-01-28 10:21:55,13103636,6058,12,2, 이지훈의 피부관리 비결.jpg 
23,2019-01-28 10:26:20,13103657,1599,2,0, 둘째의 미소.. 
23,2019-01-28 10:31:55,13103679,315,0,0, 복싱] 카넬로 알바레즈의 5월4일 경기 상대는 제이콥스네요. 다음은 GGG? 
23,2019-01-28 10:37:19,13103695,1703,32,0," 여가부, 성희롱·성차별 사건 직접조사권 갖는다 "
23,2019-01-28 10:42:09,13103706,6942,31,5, 대륙의 상향등 처벌.jpg 
23,2019-01-28 10:46:45,13103725,7318,37,7, 새 집은 LG와 함께..jpg 
23,2019-01-28 10:51:18,13103742,802,6,1, Windows 시작음 모음 
23,2019-01-28 10:56:44,13103764,2353,59,1, 운전이 어렵고 부담스럽습니다. 
23,2019-01-29 10:06:54,13107389,4461,44,18, 퇴사했습니다 ㅎ 
23,2019-01-29 10:17:03,13107436,7044,47,0, 2020 G80 제네시스.gif 
23,2019-01-29 10:27:03,13107469,2062,14,0, 자동차 동호회 운영하는게 돈이 되나보네요. 
23,2019-01-29 10:35:18,13107502,3294,32,1, 와이프가 친정에 갔습니다. 
23,2019-01-29 10:47:09,13107535,4416,28,0, 킹덤 김은희작가 인터뷰보니까(스포) 
23,2019-01-29 10:55:27,13107556,705,8,1, 아이즈원) 프라이빗 메일 구독하기 전껀 못보는거에요..?: 
23,2019-01-30 10:01:53,13111001,703,10,0," 전광훈 목사, 한기총 대표회장 당선...어김없이 '기독당' 강조 "
23,2019-01-30 10:06:57,13111020,2874,38,1, 역시 대출규제가 답이었던것 같습니다. 
23,2019-01-30 10:16:15,13111055,4329,6,0," 싱가포르 스타 펑웨이중, 군복무 중 사망 gisa "
23,2019-01-30 10:22:19,13111072,1286,3,0, 복면가왕 솔지 노래 너무 좋네요 
23,2019-01-30 10:25:08,13111085,1231,4,0, 드루킹 김경수 1심 선고가 오늘이죠 
23,2019-01-30 10:32:14,13111104,841,8,2, 제 인생겜은 젤다뿐이네요 
23,2019-01-24 11:01:55,13088622,1010,6,0, 부산 플스4 프로 정보요~ 
23,2019-01-24 11:12:00,13088672,1728,11,0, 유부들은 PS4 구매 허락이 문제가 아니었군요... 
23,2019-01-24 11:16:27,13088701,2010,14,0, 플스..몇군데 거쳐서 신도림 한우리 왔습니다 ㅜ 
23,2019-01-24 11:20:44,13088721,1673,12,0, 연애 및 결혼 꿀팁 
23,2019-01-24 11:27:27,13088752,1503,9,0, '공항세' 넘어 '관광세' 부과하는 나라 늘어 
23,2019-01-24 11:31:42,13088781,500,1,0, 다들 블루레이플레이어(플사프로) 사실 때 
23,2019-01-24 11:37:27,13088805,801,8,0, 단통법 책통법은 사라지질 않네오 
23,2019-01-24 11:42:12,13088830,1622,10,0, 벌써 중고나라에 플스... 
23,2019-01-24 11:47:09,13088858,1506,10,0, 플스 구매자분들 오늘 저녁 욕조 조심하세요!! 
23,2019-01-24 11:52:17,13088886,928,6,0, 낼 소개팅 조언을 받았습니다. 
23,2019-01-24 11:56:41,13088908,877,16,0, 언니님은 왜 없을까요? 
23,2019-01-25 11:01:44,13092990,3886,24,0, 여자블로거가 결혼하는데 기분이 묘하네요. 
23,2019-01-25 11:12:01,13093040,1870,25,3, 제가 찍은 사진 보고 가세요~ 
23,2019-01-25 11:22:21,13093082,7058,15,0, 유부남 복지가 최고인 회사...jpg 
23,2019-01-25 11:32:04,13093134,1465,11,0, 우리나라에 잠재된 플스4 구매력이 상상 초월인거 같아요. 
23,2019-01-25 11:41:35,13093170,773,2,0, 덕주의) 2d 로 정화합시드아 
23,2019-01-25 11:51:54,13093204,3768,13,2, 백승호 탈압박.gif 
23,2019-01-26 11:06:32,13097400,482,2,0, 전태세후 부대 증편시에 제일 가벼운 빡스는 
23,2019-01-26 11:16:53,13097436,2603,13,1, 출국전 마지막 코카 
23,2019-01-26 11:26:16,13097468,413,0,0, 문득 누워서 천장을 보니 참 지저분 하네요... 
23,2019-01-26 11:36:37,13097511,585,6,0, 바하2를 스팀으로 할까 플스로 할까 고민중... 
23,2019-01-26 11:46:48,13097557,652,6,0, 택배가 안오네요.... 
23,2019-01-26 11:56:34,13097583,38314,42,74, 캐나다에서 실제로 발견된 술병 .jpg 
23,2019-01-27 11:06:44,13100564,789,7,0, 아이즈원 일본곡 들어보았읍니다... 
23,2019-01-27 11:15:53,13100594,3500,19,1," '박근혜 변론' 뒷이야기..'朴, '날 더럽게 만든다' 흐느껴' "
23,2019-01-27 11:27:17,13100619,434,2,0, 기타산조 
23,2019-01-27 11:37:15,13100644,644,0,0, 어제 피자를 시켰는데... 
23,2019-01-27 11:46:50,13100674,1031,8,0, 예전에는 아이폰 출시 못하게 하려고 난리도 아니지 않았나요? 
23,2019-01-27 11:57:00,13100712,2402,9,1, 러시아군 Tu-22M3 전략폭격기 착륙사고.webm 
23,2019-01-28 11:01:21,13103778,1021,6,0, 모공아재들에겐 쓸모없는 핫딜 
23,2019-01-28 11:06:13,13103791,1212,7,0, 요즘은 보험금 지급이 진짜 빠르네요 
23,2019-01-28 11:09:39,13103804,4284,4,0, 맛녀 막둥이의 패딩 
23,2019-01-28 11:16:48,13103837,795,3,0, 연차 남아서 쓰긴 썼는데 
23,2019-01-28 11:21:41,13103859,1008,2,4, 공습 경보 (사운드 필요) 
23,2019-01-28 11:27:24,13103883,2633,3,0, 내끄야.gif 
23,2019-01-28 11:36:38,13103923,231,0,0, 쨌슈... 
23,2019-01-28 11:42:24,13103947,2738,6,0, 회사 우리 조직에 직원들이 자꾸 도망쳐서 
23,2019-01-28 11:46:26,13103961,2244,20,6, 페미니즘이 곧 성차별주의인데... 
23,2019-01-28 11:52:14,13103984,1994,11,15," 전우용 선생) 자한당 단식, 국어사전 조롱하는짓! "
23,2019-01-28 11:57:02,13104000,4723,12,0, 쓰레기 설치미술.jpg 
23,2019-01-29 11:15:35,13107626,1922,5,0, 오송xxx 이번에도 개이득이네요 
23,2019-01-29 11:26:35,13107664,1852,25,2, 예타면제... 새만금 국제공항 이건 좀 아닌데요? ㄷㄷㄷ 
23,2019-01-29 11:36:50,13107704,580,4,0, 넷플릭스 격투맨 바키 14편은 더럽게 안 올라오네요.. 
23,2019-01-29 11:47:29,13107746,1947,8,0, 플스 슬림 미션 썩세스..... 
23,2019-01-29 11:57:18,13107796,837,2,0, 레이져폰 2 부드러움 수준이 다르네요~ 
23,2019-01-30 11:02:14,13111220,2111,15,1, 중고나라 한달 정지 먹었네요 
23,2019-01-30 11:12:01,13111261,1903,35,0," 백령도 공항 건설, 비용 대비 편익(B/C) 값이 4.86를 넘네요 ㄷㄷ "
23,2019-01-30 11:16:57,13111286,3488,9,0, LG에서 SK로 넘어간 회사 보너스 대박 소식... 
23,2019-01-30 11:21:22,13111307,552,1,1, 요즘 스카이캐슬 정주행하고 있습니다. 
23,2019-01-30 11:26:49,13111344,1894,11,0, 고속도로라고 다 같은 고속도로가 아니네요 
23,2019-01-24 12:01:48,13088931,1421,9,0, 뒷모습 완전 쥐 같지 않나요ㅠㅠㅠㅠ 
23,2019-01-24 12:11:43,13088981,1639,5,0, ???: 감사합니다.jpg 
23,2019-01-24 12:16:48,13089000,3638,10,5, 야호 35만원 벌었습니다. 
23,2019-01-24 12:21:57,13089018,1154,10,0, 요즘 알바자리 구하기 힘든가요? 
23,2019-01-24 12:27:25,13089039,693,12,0, 재미없는글 가져와서 죄송합니다 ㅠㅠ 
23,2019-01-24 12:32:14,13089052,1278,2,0, 플스 구입한 분들 지뢰 게임 피하시게 정보 올립니다 
23,2019-01-24 12:37:23,13089074,607,0,0, 새벽에 온라인으로 성공했지만 혹시나해서 점심때 나와봤습니다. 
23,2019-01-24 12:42:28,13089098,437,0,1, SBS 뉴스를 안봐서 모르겠네요. 
23,2019-01-24 12:51:56,13089141,2162,16,0, 플스4 조만간 평화로운 나라에 엄청 나올 것 같은 느낌 
23,2019-01-24 12:57:09,13089162,5502,8,1, jtbc 장성규 아나운서 인스타그램.jpg 
23,2019-01-25 12:02:03,13093249,592,13,0, 폴더 디스플레이 폰이 왜 필요한지 모르겠어요. 
23,2019-01-25 12:11:31,13093293,1560,9,8, 인간적으로 안느는 빚투 이딴 걸로 건들지 맙시다 
23,2019-01-25 12:22:21,13093338,1833,25,0, 샐러드를 먹는데 살이 안 빠져요 
23,2019-01-25 12:32:11,13093388,510,1,1, 마음도 울적해서 
23,2019-01-25 12:42:01,13093434,504,0,0, 단식 국개의원 나으리들 메뉴 예상 
23,2019-01-25 12:52:13,13093478,495,3,0, 알리에서 저번주에 시킨 물건이... 
23,2019-01-26 12:06:33,13097616,1147,6,0, 결혼식 시작하기전에 식사드셔본적 있나요 
23,2019-01-26 12:16:10,13097652,471,0,1, 오랜만에 마시는 모닝 커-피 
23,2019-01-26 12:25:29,13097678,3446,16,1," 베네수엘라, 한 나라에 대통령 2명인 상황이 벌어졌군요 "
23,2019-01-26 12:37:02,13097713,5964,10,0, 맘스터치 신메뉴.JPG 
23,2019-01-26 12:47:01,13097741,3218,4,0, 킹덤..배두나씨 연기... 
23,2019-01-26 12:56:21,13097771,1069,15,0, 쿼터파운드 단품 5천 vs 치즈버건 단품 *2 = 4천 
23,2019-01-27 12:06:48,13100737,1719,2,0," 일본 인플루엔자 대유행…""특별히 위험한 상황 아니다"".gisa "
23,2019-01-27 12:17:06,13100762,2144,12,0, 손석희건이 이렇게 큰건인지.. 
23,2019-01-27 12:26:56,13100788,1861,9,0, 넷플릭스 폴라 재밌어요 
23,2019-01-27 12:36:50,13100817,8156,7,0, 특촬물 최악의 빌런.gif 
23,2019-01-27 12:47:00,13100839,700,4,0, 주량을 얘기할 때 막걸리로... 
23,2019-01-27 12:56:40,13100858,6141,6,0, 복숭아 뼈쪽 다리가 간지러운 아내 
23,2019-01-28 12:01:50,13104017,844,14,0, 커세어 키보드는 딜이 올라와도 선뜻 지르지를 못 하겠네여 ㄷㄷㄷㄷㄷ 
23,2019-01-28 12:06:29,13104033,340,0,0, 리얼텍 S1220 칩 쓰는데 잡음이 왜 나는지 모르겠네요. 
23,2019-01-28 12:11:46,13104051,1026,13,0, 뒤늦게 보헤미안 랩소디 봤는데... 
23,2019-01-28 12:17:21,13104067,8148,6,0, 19) 이희은 사장님의 뼈 때리는 동영상 
23,2019-01-28 12:21:47,13104092,5071,40,1, 제가 생각하는 최고의 삼국지 .jpg 
23,2019-01-28 12:27:02,13104105,671,0,0, 맥북프로 애플케어 가격이 올랐나보네요. 
23,2019-01-28 12:32:09,13104123,1248,16,0, 허세어 적축 구매했습니다 
23,2019-01-28 12:36:41,13104140,2056,6,2, 저는 바닥에서 잡니다. 
23,2019-01-28 12:42:15,13104162,2541,19,0," 넷플릭스 영화 폴라(Polar) , 존윅 상위 호환 아닌가요? "
23,2019-01-28 12:46:56,13104169,877,3,0, 내 냄새를 좋아하는... 냥이나 멍 이라더군요? 
23,2019-01-28 12:52:15,13104192,3400,7,2, 아기방 꾸몄어요~.jpg 
23,2019-01-28 12:56:54,13104216,722,0,0, 스펙타클한 주말을 보냈어요 2편.txt 
23,2019-01-29 12:07:04,13107826,1364,2,0, 인천은 GTX 빠지고 서해평화고속도로 가져갔군요 
23,2019-01-29 12:16:37,13107869,1345,4,0," 그램17, 외부 보호 필름 "
23,2019-01-29 12:36:40,13107954,1514,6,0, 블랙베리 키원 사용 2일차입니다 ㅎㅎ 
23,2019-01-29 12:47:25,13107989,865,3,0, 예전에 사촌동생이 아이폰 팔고.. 블베를 사용하더군요... 
23,2019-01-29 12:56:29,13108029,1549,7,0, 전 중고거래할때 택배비 3000원을 받습니다. 
23,2019-01-30 12:02:12,13111467,600,0,0," 설 선물을 주문했는데, 2개가 배송이 되었네요. "
23,2019-01-30 12:06:33,13111483,3633,21,0, 겉절이가 맛있는 돈까스집(?) 
23,2019-01-30 12:12:27,13111505,643,0,1, [국방부] 한강하구 해도전달 관련‘남북군사실무접촉(1.30.)’개최 
23,2019-01-30 12:16:23,13111521,1832,5,0, 해지방어가 갈수록 짜네요 
23,2019-01-30 12:22:01,13111536,589,0,0, 서면교차로 주변 정전이네요. 
23,2019-01-24 13:02:10,13089188,2590,17,0, 나만의 냉장고 특가 내일로 연기 ㅋㅋㅋ 
23,2019-01-24 13:11:51,13089227,6134,8,0, 후방?)플스사신분들 섬란하세요 
23,2019-01-24 13:16:57,13089252,1496,6,0, 플스프로용 모니터 질렀습니다 ㅋㅋㅋ 
23,2019-01-24 13:21:43,13089275,641,4,0, 인생은 현탐이라더니.. 
23,2019-01-24 13:27:27,13089309,1033,7,0, 한정수량 구입하는 게 스포츠가 되었군요 ㅋㅋ 
23,2019-01-24 13:32:02,13089319,2168,41,3, 고양이뉴스 윾튜브 잡았다고 한뒤에 후원 계좌 열었네요 
23,2019-01-24 13:37:05,13089338,1595,4,1, 구직활동 현실과 사이버 경계... 
23,2019-01-24 13:42:22,13089350,605,15,14, 경제성장율과 최저임금에 대한 소회 
23,2019-01-24 13:46:53,13089371,2183,17,1, PS4 세일 기념(?) 직접 해본 연도별 PS4 똥겜 1위..jpg 
23,2019-01-24 13:52:10,13089390,1034,10,0, [브롤] 랜덤 돌렸는데 이런 픽도 걸리네요 
23,2019-01-24 13:56:48,13089412,768,0,0, 아이보ㅜ귀엽네요 ㅠㅠㅜ 
23,2019-01-25 13:11:41,13093569,3665,12,1, 트럼프 계엄령 선포 준비중 ? 
23,2019-01-25 13:22:29,13093619,2428,52,6, 음식장사에 있어 좋은 식재료를 사용하는것 
23,2019-01-25 13:32:00,13093654,660,8,0, 보험 가입 쉽지 않네요 
23,2019-01-25 13:41:49,13093689,1756,11,0, 다들 플4로 달리실때.. 
23,2019-01-25 13:51:14,13093723,3682,8,8, 조선시대 정치 언어의 해석.jpg 
23,2019-01-26 13:06:35,13097795,322,3,0, 저랑 릴레이단식하실 파티원구합니다 
23,2019-01-26 13:17:03,13097837,8168,10,4, 일본 헬스장.jpg 
23,2019-01-26 13:26:14,13097867,5302,14,1, 판교 행복주택 부럽네요 
23,2019-01-26 13:37:12,13097898,1326,13,0, 롯데리아로 아점 
23,2019-01-26 13:47:12,13097927,2073,13,0, 팩트 체크가 되지 않아 수정합니다 
23,2019-01-26 13:57:13,13097957,1422,6,0, 근데 SBS는 해명이나 사과 안하나요? 
23,2019-01-27 13:06:42,13100883,1408,6,0, 금요일 저녁에 플스샀는데 정신차리니까 일요일입니다. 
23,2019-01-27 13:17:28,13100913,1009,5,0, 바하2 RE: 데모를 해봤는데 
23,2019-01-27 13:27:01,13100944,1040,5,0, 릴레이 단식을 보고 깊음 깨달음을 얻은사람 
23,2019-01-27 13:36:41,13100970,3413,6,0, 예전 여친이랑 헤어지기 전 생리대 사다줬는데 
23,2019-01-27 13:47:08,13101008,3731,29,0, (페미기사제목) 침실 옷방 남편서재 내방은 왜 없을까? 
23,2019-01-27 13:56:19,13101032,967,6,0, 유용한사이트에 있는 2D캐릭터 만들기 재미지네요 
23,2019-01-28 13:00:44,13104232,3945,40,0, 뽐 좀 죽여주세요 
23,2019-01-28 13:06:36,13104247,1520,4,0, 역시 동숲은 =_+ 치명적이네요 
23,2019-01-28 13:12:00,13104269,4678,15,0, 우체국 택배아저씨 식사장소... 
23,2019-01-28 13:17:14,13104289,1895,35,0, 자동차 스타트버튼모터 갈아야 한다는군요 
23,2019-01-28 13:22:31,13104312,976,3,0, 울트라북은 안 삽니다 
23,2019-01-28 13:26:37,13104329,1274,16,0, 항우울제 먹고있습니다 
23,2019-01-28 13:32:20,13104352,2361,21,0, ㅎㅎ 
23,2019-01-28 13:36:31,13104369,1305,3,0, 인터넷 대수제한은 패킷 변조로 합니다. 
23,2019-01-28 13:42:15,13104383,2914,26,2, 킹덤 보며 불만이었던 점 
23,2019-01-28 13:46:41,13104398,1261,17,0, (강스포)킹덤 시즌2 결말 예언해봅니다 
23,2019-01-28 13:51:33,13104413,2402,24,1, 샤오미 보조배터리 20000mAh 3세대 도착했습니다. 
23,2019-01-28 13:57:00,13104434,1789,5,1, 오늘 북아일랜드 경찰의 긴급공지 '레드팬다가 가출했어요.'.jpg 
23,2019-01-29 13:16:54,13108123,1208,10,0, 간사이공항 면세점인데 동전+카드 안받아주네요. 
23,2019-01-29 13:26:20,13108158,6627,76,32, 손석희 폭력 사태로 튀어 나온 뜬금포 폭로 
23,2019-01-29 13:36:28,13108194,1382,4,3, 5W 1H 원칙 
23,2019-01-29 13:47:17,13108231,7435,25,0, 똥꼬털 제모하는 방법.jpg 
23,2019-01-29 13:56:51,13108260,2832,10,0, (유머)예의상 물어보면 사양할 줄도 알아야되는데... 
23,2019-01-30 13:02:12,13111661,4872,31,0, 은근 야한 속담 
23,2019-01-30 13:06:41,13111678,1880,13,1, 이재록 목사 성폭행 절반은 부모 책임이네요 
23,2019-01-30 13:12:01,13111704,1228,8,1, 사소한 배려 
23,2019-01-30 13:16:52,13111725,899,6,0, [오늘의 일기] 설 되기 전 M.2 업그레이드했습니다. 
23,2019-01-30 13:21:45,13111743,2127,19,0, 저도 예쁜 공유기 
23,2019-01-24 14:01:06,13089428,1117,5,0, 에어팟 2년 반정도 되니 진짜 딱 뉴스공장전용되네요 ㅋ 
23,2019-01-24 14:11:57,13089471,3847,10,0, 플스4 PRO 2TB 구매성공(feat.하이마트) 
23,2019-01-24 14:16:58,13089492,6290,41,0, 나영석 PD 새 예능 
23,2019-01-24 14:21:56,13089513,807,18,0, 국가가 필요하면 (전쟁) 예비군 나가실건가요? 
23,2019-01-24 14:26:51,13089535,2525,6,0, 누구보다 미국을 좋아하지만 아닌척하는 그 나라.gif 
23,2019-01-24 14:32:14,13089561,736,5,0, 우산 크기 정도면 행복 할까요? 
23,2019-01-24 14:36:56,13089582,642,0,0, 프랜차이즈 사업하면 백종원 같은 경우 매우 드물던데... 
23,2019-01-24 14:42:13,13089603,784,5,0, 아이폰 x 전면수리 kt 
23,2019-01-24 14:47:19,13089624,1153,4,0, 크기 비교가 어려워서 직접 찍어올립니다 
23,2019-01-24 14:52:03,13089644,367,8,0," 우연찮게 미들어스 쉐도우오브워 체험판을 해보고, 바로 구매했습니다. "
23,2019-01-24 14:56:57,13089668,1130,1,0, PS4 뭐좀해볼려니ㅋ 
23,2019-01-25 14:01:13,13093758,774,18,0, 인생에서 게임을 해도 되는 순간이란게 과연 존재하는가? 싶었습니다. 
23,2019-01-25 14:12:02,13093805,1255,10,0, 듀얼쇼크4 개구리색 왔네요 
23,2019-01-25 14:22:01,13093844,5930,28,12, [골목식당] 회기동 피자집 백종원 평가.jpg 
23,2019-01-25 14:32:12,13093886,1732,12,1, PS4 성공한 분들이 굉장히 많네요? 
23,2019-01-25 14:42:10,13093918,1478,4,4, 와.. 태영방송 정말 종편 이상이네요 
23,2019-01-25 14:52:03,13093956,2162,14,0, 오늘의 점심 하노이 분짜 jpg 
23,2019-01-26 14:06:45,13097985,6234,40,1, (펌)남친과 어머니와의 스킨십 어떻게 받아들여야 하나요? 
23,2019-01-26 14:16:39,13098008,1505,7,0, 이번 플스 구입 제조년월이 19년 1월이네요. 
23,2019-01-26 14:27:07,13098038,1029,6,0, 요새 자주 나오는 가요중에 '신용재'란 노래가 있네요? 
23,2019-01-26 14:36:24,13098056,2510,7,0, 일본이랑 한국 
23,2019-01-26 14:56:33,13098113,4072,26,0, 유튜버 유정호씨 징역 이슈가 있네요..? 
23,2019-01-27 14:06:37,13101063,746,4,0, 고졸 공무원 관련은 내용이야 어찌 되었든 
23,2019-01-27 14:15:41,13101085,1691,8,0, 어제밤 사당역 무단횡단.. 진짜 간떨어지는 줄 알았네요 
23,2019-01-27 14:27:04,13101123,1593,24,0, 일회용 면도기랑 만원이상하는 면도기랑 성능차이가 느껴지시나요? 
23,2019-01-27 14:37:15,13101149,3406,7,0, 지인과 한 카톡땜에 화납니다 
23,2019-01-27 14:46:07,13101180,12215,14,0, [후방]한국 여성단체가 보면 뒤로 기절할 사이트.. 수정 
23,2019-01-27 14:56:23,13101206,2247,3,0, 이강인 선수가 슛돌이 출신이었군요... 
23,2019-01-28 14:01:55,13104448,3464,36,0, 진짜 2년사이에 아파트 가격이 너무올랐군요 
23,2019-01-28 14:06:39,13104459,3401,18,4, 10대 남자들 문제 많네요 
23,2019-01-28 14:11:56,13104485,700,6,0, '그 분들'은 자신이 중립적이라고 생각하더군요. 
23,2019-01-28 14:16:55,13104497,1881,1,0, 현대사 근황 
23,2019-01-28 14:22:10,13104520,781,5,1," 한겨레 '미투 1년 , 피해자다움 굴레는 아직 사라지지 않았다. 안희정 무죄 선고가 대표적' "
23,2019-01-28 14:27:20,13104545,1265,15,0," 20대 남성 절반 ""적대적 성차별주의·반페미니즘 성향""   "
23,2019-01-28 14:31:31,13104564,1604,2,0, 플스가 왔는데 왜 하지를 못하니ㅠㅠ 
23,2019-01-28 14:37:18,13104589,1076,11,0, 플스가 은근히 저랑 안맞는게 
23,2019-01-28 14:42:17,13104604,508,1,0, 나눔 발표] 아이들과 설연휴 장거리 가시는 분들께 나눔 합니다. 
23,2019-01-28 14:47:05,13104638,1518,3,0, 플스 파트너샵 입고 예정일 
23,2019-01-28 14:51:26,13104659,496,2,0, [You Tube] 루이스CK Animation - 비행기추락/착륙사건 
23,2019-01-28 14:56:06,13104682,877,1,0, 킹덤후기 
23,2019-01-29 14:07:08,13108291,1670,21,0, 알리랑 타오바오는 대체 왜 웹캠을 쓰는걸까요.... 
23,2019-01-29 14:16:37,13108331,624,7,0, 크리에이티브 t40 2 후기 
23,2019-01-29 14:26:56,13108370,1098,12,0, 플스4 듀얼쇼크4 샀습니다.(수정) 
23,2019-01-29 14:36:40,13108410,6606,11,4, 빅뱅 프로저격러 황광희.jpg 
23,2019-01-29 14:47:28,13108459,355,0,0, 본의아니게 아마존 깊카 모으는 중이네요 
23,2019-01-29 14:55:49,13108486,2860,6,0, 현재용산 아이파크몰 플스 
23,2019-01-30 14:02:14,13111879,2871,34,3, 고양이의 이상한 행동을 사람이 이해하는 방법 
23,2019-01-30 14:06:18,13111890,740,1,0, [석유왕 미라지] 바이올렛 에버가든 순삭 됐네요 ㄸ 
23,2019-01-30 14:12:22,13111917,330,1,0, 오마이뉴스 에디터즈 초이스 요거 한눈에 딱딱 들어오네요. 
23,2019-01-30 14:16:13,13111931,5330,41,0," 속보) 법원, '김경수, 경공모 사무실서 '킹크랩' 시연 본 것 인정' "
23,2019-01-24 15:02:14,13089699,1650,11,0, 휴지심 말고 검증된 도구를 사용하여 측정합시다.jpg 
23,2019-01-24 15:11:53,13089751,534,4,0, 트럭하고 슬쩍 부딪쳤는데 사이드미러 까졌네요. 
23,2019-01-24 15:16:59,13089786,594,2,0, 그곳에 뭔가 장치하신분 좀 혐일때가 있긴 있습니다 
23,2019-01-24 15:21:51,13089806,1779,2,0, 일본 au에서 출시하는 화웨이 LTE 라우터.jpg 
23,2019-01-24 15:27:20,13089834,510,3,0, 오늘 월차라 블베 키투를 사러 갔는데... 
23,2019-01-24 15:32:16,13089858,1659,4,0, 듀오 질렀어욘 
23,2019-01-24 15:37:10,13089872,4427,17,2, 우연찮게 방문하게 된 중식당 두 곳.jpg 
23,2019-01-24 15:46:59,13089911,3283,28,0, 플스를 사 들고 집에 왔는데... 
23,2019-01-24 15:52:01,13089931,939,7,0, ps4 다들 어떻게 구입하셨나요? 
23,2019-01-24 15:57:00,13089960,711,2,0, 롯데리아 5년만에 왔습니다 
23,2019-01-25 15:11:31,13094050,1202,3,0, 전 게임룸이 가지고 싶어요 
23,2019-01-25 15:22:30,13094095,26446,54,123, [네이트판] 현명한 엄마.jpg 
23,2019-01-25 15:32:17,13094128,477,4,0, 안드로이드 파이에서 통신인디케이터가 정말 보기싫게 바뀌었군요 
23,2019-01-25 15:51:31,13094191,617,2,0, 김명수 대법원장이 지방법원장 후보 추천제를 시범 실시 한다는데 흥미롭네요. 
23,2019-01-26 15:06:46,13098148,5536,13,0, 신도림 한우리 1시쯤 모습 
23,2019-01-26 15:16:49,13098176,807,5,0, 스팀게임을 하다보니 플스 뽐뿌가 죽네요ㅜ 
23,2019-01-26 15:27:26,13098208,2353,4,0, 현시간 상암동 YTN 1층 대기줄 
23,2019-01-26 15:36:51,13098241,3793,10,22, 오늘자 총리님& 김경수 도지사 콜라보.jpgs 
23,2019-01-26 15:45:44,13098263,1989,10,0, 운 좋게(?) 구입한 플스4프로 2테라 구입기 
23,2019-01-26 15:56:43,13098287,2208,23,0, IMF 군번의 슬픔? 
23,2019-01-27 15:06:16,13101227,35387,39,178, 김의성 '열시간 단식 후 첫끼니' 
23,2019-01-27 15:17:26,13101255,3403,31,0, 로또 1등 당첨금이 얼마면 직장을 관두시겠습니까? 
23,2019-01-27 15:27:22,13101277,4033,17,10, 朴 법무 '암호화폐 대응 안했으면 많은 젊은이들 망했을 것' 
23,2019-01-27 15:36:49,13101303,2393,6,1, 대형 tv 대신 프로젝터를 샀는데 쓸만하네요. 
23,2019-01-27 15:46:34,13101328,2677,20,0, 킹덤보면서 느낀 아직도 가장 이해가 안되는 전통문화.. 
23,2019-01-27 15:56:15,13101354,1125,0,0, 킹덤스포)확실히 장르물은 상영등급이 받쳐춰야 하는 것 같습니다.. 
23,2019-01-28 15:02:06,13104698,1591,14,0, 질레트에 팩트 폭력으로 응수...!! 
23,2019-01-28 15:06:52,13104711,1518,1,0, (킹덤) 좀비사태를 역사로 배운 곳이라 그런지.. 
23,2019-01-28 15:12:01,13104737,1835,30,1, NAS 자랑은 이제 식상합니다. 
23,2019-01-28 15:17:14,13104768,291,4,0, 미믹스3가 아몰레드라 아쉽습니다 ㅠㅠ 
23,2019-01-28 15:22:28,13104790,6883,15,0, 주작인줄 알았는데 진짜였던 예능.jpg 
23,2019-01-28 15:27:03,13104811,873,9,0, 어짜피 노치나 홀이나 개발자들이 빡치는건 똑같슴다. 
23,2019-01-28 15:37:05,13104856,704,17,0, 베젤이 극단적으로 없는게 과연 좋은걸까요? 
23,2019-01-28 15:46:58,13104909,855,3,0, 연말정산 작성 때 도서공연비 확인 못하고 내버렸네요 ㅠㅠ 
23,2019-01-28 15:56:20,13104946,4396,17,0, 코트 + 패딩.jpg 
23,2019-01-29 15:07:09,13108516,460,1,0," [풀영상] KBS추적60분_스포츠 미투, 우리들의 일그러진 금메달...avi.. "
23,2019-01-29 15:17:06,13108554,1029,22,0, 여성계 “연동형 비례제 도입해 여성 대표성 높여야” 
23,2019-01-29 15:26:00,13108583,3382,13,12, 경찰문제 많네요 클럽사건으로 떠오른 사건 
23,2019-01-29 15:36:31,13108616,1721,8,0, 아 오늘 비지니스 업글 까였네요. 
23,2019-01-29 15:47:21,13108648,5379,11,2, 50넘은 신규 유저가 존재하는 게임 
23,2019-01-29 15:57:15,13108674,1904,9,30, 어제 영면하신 김복동 할머니 와 문통의 1년전 만남 . Jpg 
23,2019-01-30 15:02:21,13112148,662,0,0, 아 엄청 불안하네요 =ㅅ= 
23,2019-01-30 15:07:08,13112195,937,3,0, 묵시적 동의가 이런건가요? 
23,2019-01-30 15:12:18,13112232,2891,11,0, 김경수 1심 징역 2년 집유2년 
23,2019-01-30 15:17:02,13112258,1112,2,1, 집행유예라 다행이라는 사람들 뭔가요? 
23,2019-01-30 15:22:10,13112303,256,0,1, 손에 쓰레기가 묻었다고 나도 쓰레기가 되다니... 
23,2019-01-30 15:26:59,13112350,965,1,10, 워낙 어이없는 판결이라...지지층이 결집하는수밖에 없습니다. 
23,2019-01-30 15:32:00,13112394,2408,13,8, 손석희를 지켜야 하는 이유입니다.txt 
23,2019-01-30 15:37:23,13112434,207,0,1, ▶◀ 사법부 
23,2019-01-30 15:42:02,13112483,164,0,0, 공감글 못올라가게 쓰레기글 많아지겠네요 
23,2019-01-24 16:01:55,13089983,4192,29,1, 나경원 '지금부터 모든 국회일정 거부'(속보) 
23,2019-01-24 16:12:05,13090024,616,5,1, 국회의원이 자기 맘대로 일정 거부해도 되요??? 
23,2019-01-24 16:16:44,13090049,1359,7,1, 애플 아이폰 사진대회 
23,2019-01-24 16:21:46,13090072,743,7,1, 파크라이 뉴던 트레일러 ㄷㄷㄷㄷㄷㄷㄷ 
23,2019-01-24 16:27:30,13090095,676,10,1, 자녀분 다쳤다는 보이스피싱 연락 받은적 있으세요? 
23,2019-01-24 16:32:18,13090115,2166,5,2, 강릉 오시면 뒷뜨루 가보세요.. 
23,2019-01-24 16:37:25,13090133,7893,16,1, 60만원짜리 우산 jpg 
23,2019-01-24 16:42:04,13090149,2466,12,1, 혜자한 포장...(이게 혜자한건지..참) 
23,2019-01-24 16:46:49,13090167,1781,9,1, 돈카츠 먹었습니다. 
23,2019-01-24 16:52:15,13090192,1332,3,0, 지금 플스사면 손해 아닙니까 
23,2019-01-24 16:57:09,13090210,1718,6,0," 이전 Samsung 임원,배터리 개발의 새로운 글로벌 책임자로 애플에 합류 "
23,2019-01-25 16:02:06,13094233,1051,10,0, 국가공무원 고졸채용 20%까지 늘린다…대학 등록금 전액지원 
23,2019-01-25 16:11:58,13094266,521,19,0, 지구qcy t1은 2주가 되도록 움직이질않네요 
23,2019-01-25 16:22:12,13094298,1377,5,0, 즐겁게 드럼치는 처자.utb 
23,2019-01-25 16:32:25,13094338,855,2,0, [소설] 손 사건에 관해 원하는 상황 
23,2019-01-25 16:42:04,13094387,1382,17,0, 수원살며 아쉬운점.. 
23,2019-01-25 16:51:45,13094432,3946,18,2, 자한당의 세계 최초 신개념 단식...ㅋㅋ 
23,2019-01-26 16:06:10,13098316,8152,14,0, 아디다스 이지부스트 근황.jpg 
23,2019-01-26 16:16:59,13098346,2126,9,0, 윈도우가 점점 이상해지는군요..;;; 
23,2019-01-26 16:27:15,13098369,1582,2,0, 아까 카페에 맥미니 들고가신분 보고 삘 받아서 찍은 오늘의 카페세팅 
23,2019-01-26 16:36:20,13098388,5896,10,1," 리히,란제리 사진작가 교체 후 일어난 일.ytb "
23,2019-01-26 16:47:09,13098415,3180,2,20, 아픈 어린냥 데리고왔어여 
23,2019-01-26 16:56:40,13098440,2210,15,0, 나리타공항 오래되서 구린거같긴했는데 
23,2019-01-27 16:06:39,13101382,1794,0,0, 킹덤 일본어 더빙으로 잠깐 봤는데요.. 
23,2019-01-27 16:17:31,13101402,619,0,0, 스마트 라이플 
23,2019-01-27 16:27:25,13101427,1733,9,0, 청담역에 주차하려면 강남구청주차장밖에 답이 없네요 ㅋㅋㅋ 
23,2019-01-27 16:37:14,13101452,6441,3,0, 염보성 담당일진.JPG 
23,2019-01-27 16:47:03,13101480,1651,13,0, 지금 플4있으신 분들은 프로사기 안좋은 시기입니다. 
23,2019-01-27 16:57:02,13101513,1400,21,0, 통일이 되면 수도권 집중화는 더 심해지지 않을까요?? 
23,2019-01-28 16:07:03,13104992,966,1,0, 넷플 킹덤 보면서 드는 생각은.. 
23,2019-01-28 16:16:39,13105030,4846,12,1, 과 단톡의 교수님.jpg 
23,2019-01-28 16:27:22,13105074,1728,11,0, 제가 생각하는 넷플릭스가 컨텐츠를 대하는 태도.TXT 
23,2019-01-28 16:37:02,13105111,1770,1,0, 답이 안나오는 상사 
23,2019-01-28 16:47:08,13105156,3449,17,0, 간다무 공대 여신 
23,2019-01-28 16:57:20,13105206,1245,3,1, 건담... 세츠나의 그녀? 
23,2019-01-29 16:07:00,13108713,9092,55,0, (19금) ㅅㅈ할때 아무 느낌이 안오는 분 계신가요? 
23,2019-01-29 16:16:52,13108762,1318,4,0, 개의 목구멍은 얼마나 큰걸까요... 
23,2019-01-29 16:26:09,13108803,2394,31,0, 개발일 하면서 사람때문에 힘든점 (개발자feat) 
23,2019-01-29 16:37:35,13108857,523,0,0, 안드로이드 버전 올림되면 되도록이면 기존 앱들 지우고 다시 설치하는게 좋네요 
23,2019-01-29 16:46:24,13108891,643,1,0, 통신사 옮겼네요 
23,2019-01-29 16:56:09,13108932,1924,23,0," [여야 차기 대선주자 선호도] 1위 황교안 17.1%(▲3.6%p), 2위 이낙연 15.3%(▲1.4%p) "
23,2019-01-30 16:02:20,13112678,101,0,1, ▶◀ 사법부 
23,2019-01-30 16:06:55,13112739,124,0,2, ▶◀ 사법부 
23,2019-01-30 16:12:21,13112790,493,5,2," TV 조선만 보는 부모님, 걱정입니다. "
23,2019-01-30 16:17:01,13112837,113,0,3, ▶◀ 사법부 
23,2019-01-30 16:22:10,13112895,133,0,2, ▶◀ 사법부 
23,2019-01-30 16:27:00,13112941,170,0,2, ▶◀ 사법부 
23,2019-01-30 16:32:03,13112973,913,3,2, 대놓고 친박성향? 영장담당 성창호 판사에 대한 우려 
23,2019-01-30 16:37:32,13113005,163,0,1, ▶◀ 사법부 
23,2019-01-30 16:42:03,13113038,1559,2,2, 1/28 황국일보) 박근혜 전대통령 눈물로 호소 
23,2019-01-24 17:02:04,13090237,1091,3,0, 견물생심 
23,2019-01-24 17:05:58,13090253,1300,9,0, 퍼펙트! 컨디션이라며 아이폰 하나 팔길래 봤더니.. 
23,2019-01-24 17:11:59,13090265,951,1,6, 이완배-김용민 주말 목포 콘서트 
23,2019-01-24 17:16:58,13090286,822,17,0, 저는 플스보단 스위치가 사고싶은데 스위치는 할인안하나여ㅜㅜ 
23,2019-01-24 17:20:43,13090304,1931,5,1," 일본 초계기, 벌써 4번째 근접 위협 비행…의도는? "
23,2019-01-24 17:27:22,13090326,828,4,0, 이번 바이오하자드2 리메이크 PC판은 패키지가 없나보군요. 
23,2019-01-24 17:32:04,13090341,2399,8,0, 플스4 구매 못하신 분들도 계시군요 허허 
23,2019-01-24 17:41:42,13090371,742,2,0, 보링 컴퍼니 뭐하나 봤더니 
23,2019-01-24 17:47:10,13090400,782,6,0, 해가 저물고 있습니다. 
23,2019-01-24 17:50:32,13090412,1013,8,0, 뉴스타파 보험의 배신 시리즈를 보고 있자니 
23,2019-01-24 17:57:02,13090424,670,2,0, 좌식의자 기대됩니다 
23,2019-01-25 17:12:04,13094508,2809,24,0, 만성피로 있으신분들 비타민D 드셔보세요 
23,2019-01-25 17:22:26,13094546,3412,14,5," 고소하신다구요? 손석희 측 ""흠집내기 그만…루머 작성자·유포자 모두 고소할 것"" "
23,2019-01-25 17:32:16,13094583,419,1,0, 가만히 생각을 해봤는데 밖에서 짜투리시간 활용만큼 좋은게 없어요 
23,2019-01-25 17:41:32,13094614,2533,12,1, 홍준표 종신대표님 페이스북.jpg 
23,2019-01-25 17:51:52,13094661,2100,7,0, 손석희씨랑 JTBC 뉴스룸은 왜 
23,2019-01-26 17:06:44,13098461,768,5,0, 간만에 영화보고 스벅도 와보네요~ 
23,2019-01-26 17:16:49,13098498,2980,14,0, 넷플릭스 킹덤 개인적인 최고 & 최악 캐스팅 
23,2019-01-26 17:27:24,13098526,2441,7,1, 다시 내줬으면..하는 햄버거.. 
23,2019-01-26 17:37:04,13098549,5121,9,1, 버거킹에서 사라져서 아쉬운 메뉴.jpg 
23,2019-01-26 17:46:58,13098578,3883,21,0, JYP는 백예린을 왜 안쓸까요? 
23,2019-01-26 17:56:38,13098609,2591,7,0, 요즘 백합 만화에서 남자는 어떻게 묘사 될까?.jpg 
23,2019-01-27 17:06:31,13101538,1477,8,0, 북한 열리면 통일과 관계없이.. 파주가 뜨지 않을까요? 
23,2019-01-27 17:16:14,13101559,3805,34,1, Windows 시스템이 손상되었습니다. <--개구라 
23,2019-01-27 17:27:22,13101574,959,6,0, (스포 주의) 모공에서 얼떨결에 킹덤 강스포 당했네요. 
23,2019-01-27 17:37:03,13101597,2723,12,2, 플스 대신 집 밥솥을 바꿔드렸네요. 
23,2019-01-27 17:46:02,13101617,4308,22,1, 화목보일러의 민폐수준은 상상초월이네요 
23,2019-01-27 17:55:57,13101642,1912,3,0, 플스 행사재고 일반재고 따로 있나보네요. 
23,2019-01-28 17:06:38,13105271,6281,15,0, 현직 피부과 의사가 말하는 공부잘하는 법.jpg 
23,2019-01-28 17:16:38,13105311,1067,4,0, 오버워치 ) 하늘에서 정 으아아아아아앜 
23,2019-01-28 17:26:43,13105342,2939,5,20, 오늘 대구MBC 뉴스데스크 보도 예고 
23,2019-01-28 17:36:57,13105376,908,7,0, 바이오하자드2re 레온편 1시간대 스피드런 등장 
23,2019-01-28 17:46:49,13105413,637,2,1, [아이즈원] 민주 메일 구독하시는 분들은 비슷할 것 같아요. 
23,2019-01-28 17:57:00,13105453,974,9,0, 다시 태어난다면... 
23,2019-01-29 17:07:09,13108962,426,3,0, 엑스페리아 XZ1 업데이트 있네요 
23,2019-01-29 17:16:48,13108997,1209,11,0, 내린지 3일된 아메리카노... 마실까요 버릴까요? ㅠㅠ 
23,2019-01-29 17:26:16,13109031,3539,25,0, PS 게임들 안싸네요 
23,2019-01-29 17:37:05,13109065,4392,32,8, 나전 손톱깎이 세트를 구매해보았습니다. 
23,2019-01-29 17:46:33,13109093,5567,12,2, 3살의 집중력 
23,2019-01-29 17:56:40,13109127,5965,12,2, 속보)김현철경제보좌관 사표수리. 
23,2019-01-30 17:02:11,13113173,965,9,0, ▶◀ 사법부- 제일 걱정은 문대통령님 탄핵으로 이어질까 걱정입니다 
23,2019-01-30 17:07:12,13113201,231,0,0, ▦▦ 사법부 ▦▦ 
23,2019-01-30 17:12:19,13113225,661,1,1, 당장 오늘부터 퇴근 후에 서초동으로 모입시다. 
23,2019-01-30 17:16:58,13113245,1669,13,19," 이 와중에 김경수 지사 관련 글 제목, 내용 바꿔치기로 장난하시는 분이 있네요. "
23,2019-01-30 17:22:06,13113265,880,5,0, 일본어 공부일지#30 
23,2019-01-30 17:26:25,13113282,1607,13,38, 사법농단 판사 자격 정지 청원 입니다 
23,2019-01-30 17:31:46,13113303,747,1,4, XX 새끼들 진짜... 
23,2019-01-30 17:37:16,13113331,508,2,0, 영화 잘 안보는 1인입니다 
23,2019-01-30 17:41:23,13113347,283,0,0, 앞으로 판사뽑을땐 법전보단 소설책이 더~~ 
23,2019-01-30 17:47:18,13113371,576,0,1, 조팝나무 개쉽싸리 
23,2019-01-24 18:01:32,13090436,798,9,0, 뒤늦게 주먹왕 랄프 1을 봅니다 
23,2019-01-24 18:10:59,13090464,2620,2,0, 피카슬라임.jpg 
23,2019-01-24 18:15:29,13090476,1626,18,0, 소모임 이름을 저렇게 해놓은 이유가 뭘까요.. 
23,2019-01-24 18:22:29,13090498,3467,20,0," 갤럭시S10, S10+ 명확한 실기 사진 유출 "
23,2019-01-24 18:27:11,13090512,1232,8,0, 후드?에 털 달린거 
23,2019-01-24 18:32:07,13090523,2984,8,0," 15만원 할인 'PS4', 반나절 만에 동났다 "
23,2019-01-24 18:37:21,13090540,2512,5,0, PS4 타이틀 팔러 국전 다녀왔는데 대박이네요 
23,2019-01-24 18:41:52,13090553,1129,1,1, 오해가 잦은 친구와는 단톡방에서 대화가 답이네요... 
23,2019-01-24 18:52:00,13090587,2025,7,0, 퇴근하고 왓는데 손석희 폭행혐의라니 ;; 
23,2019-01-24 18:57:12,13090605,1108,1,0, 박근혜물고빨던애들은 손석희 제대로 물겠네요 
23,2019-01-25 18:11:35,13094727,874,8,0, 장염으로 120시간 단식해본적 있는데 자한당 최고의원 가능합니까??? 
23,2019-01-25 18:22:19,13094774,1310,5,0, 영화 극한직업 아쉽네요... 
23,2019-01-25 18:31:53,13094807,1339,8,2, 예24 탈퇴기 (부제 : 책 파손으로 교환만 4번).jpg 
23,2019-01-25 18:41:56,13094845,738,0,0, 삼성은 개돼지 가축으로라도 취급했는데 
23,2019-01-25 18:51:59,13094891,1403,12,0, 쿠팡 신선식품 아니라도 19시이전 주문시 새벽배송이네유ㄷㄷ 
23,2019-01-26 18:16:20,13098671,1438,8,0, ps4 pro 첫게임으로 언차티드 컬랙션을 하는데 
23,2019-01-26 18:27:04,13098700,1905,1,0, 드루와 드루와 이 X끼야~ 
23,2019-01-26 18:36:06,13098719,1154,3,0, 태보탓이였군요 
23,2019-01-26 18:47:08,13098741,7486,6,70, 손혜원 의원이 지속적으로 관심 가져달라고.. 
23,2019-01-26 18:56:39,13098766,2311,5,2, 프듀 윤정쌤과 째욘 편집.mp4 
23,2019-01-27 18:06:54,13101677,1463,10,0, 요즘 읽은 책 
23,2019-01-27 18:15:43,13101702,1794,23,0, QLC SSD는 대중화가 될 수 있을까요. ㅋㅋ 
23,2019-01-27 18:27:11,13101730,870,0,0, 액정교체하려고 이베이에서 액정을 주문했는데.. 실수했네요. 
23,2019-01-27 18:36:53,13101751,10346,11,0, 휴지꽃이 도전 ㅊㅈ.gif 
23,2019-01-27 18:46:30,13101776,672,1,0, Anthem 잠깐 해봤습니다. 
23,2019-01-27 18:56:59,13101810,2084,3,0, 플스대란 소식을 가장 먼저 접했음에도 불구 아직도 
23,2019-01-28 18:05:40,13105490,3124,5,4, 항상 뭘 먹고있는 아이즈원 혜원.gif 
23,2019-01-28 18:17:13,13105530,3349,7,0, 서울 주요대학 학생부종합 비율.jpg 
23,2019-01-28 18:25:03,13105560,1553,8,0, 드래곤볼 액션RPG 게임 '프로젝트 Z' 트레일러 
23,2019-01-28 18:36:45,13105593,3910,34,0, 코리안 바베큐 인기가 점점 많아지네요 
23,2019-01-28 18:46:46,13105626,1260,1,0, 그 팀포트리스 2 일본인 이야기 주작이라는 말이 있네요.. 
23,2019-01-28 18:57:13,13105655,3453,8,0, 지난달 미국에서 준 팁 
23,2019-01-29 18:07:11,13109156,3280,33,0," 이명박 전 대통령 보석 청구, '돌연사 우려…도망칠 곳도 없다' "
23,2019-01-29 18:26:43,13109221,4730,4,1, 등교길 클라스.gif 
23,2019-01-29 18:37:19,13109255,2553,8,2, [혐주의] 이토준지 멜로드라마(새드엔딩) 
23,2019-01-29 18:46:40,13109284,3978,6,70," 문대통령 ""역사바로세우기 잊지않겠다""..對日 원칙대처 메시지.gisa "
23,2019-01-29 18:56:57,13109305,1343,8,0, 하악하악 플스가 왔어욧!! 
23,2019-01-30 18:02:25,13113440,1304,7,3, 오늘은 저희 아들에게 중요한 날?이 될 것 같습니다(후기) 
23,2019-01-30 18:11:27,13113471,1328,12,5, ▶◀ 사법부 김경수지사 판결만 이럴까요? 
23,2019-01-30 18:16:57,13113494,1722,4,7, 이번 판결은 진짜 미친짓이네요 
23,2019-01-30 18:22:12,13113516,2389,17,11, 정황증거로는 안 되고 물증이 있어야 한다. 
23,2019-01-30 18:26:53,13113534,721,3,0, 사법부가 죽었다는 소리가 들리는 군요 
23,2019-01-30 18:31:47,13113563,376,0,2, ▶︎◀︎ 사법부 
23,2019-01-30 18:37:09,13113589,6011,13,0, 미국까지 퍼진 찬란한 포장기술 
23,2019-01-30 18:41:50,13113601,1191,47,1, 민심으로 모든걸 결정하는건 위험 요소가 있습니다 
23,2019-01-30 18:47:17,13113623,1222,12,1, 아빠 육아휴직 합니다! 
23,2019-01-30 18:51:49,13113640,1581,14,0, 잘생기면 진짜 번호도 따이고 그러나요? 
23,2019-01-30 18:57:14,13113658,425,0,18, 어그로/알바 피해서 커뮤니티 잠시 쉬지마세요. 그러면 그 놈들 현실에서 보게됩니다. 
23,2019-01-31 18:01:15,13117141,928,2,0, ps4pro 1tb 신도림이나 부천 없겠죠? 
23,2019-01-31 18:07:05,13117163,4820,4,0, 아들이 아끼는 필기구.jpg 
23,2019-01-24 19:01:31,13090618,4443,9,7, 손석희와 JTBC 진짜 졸렬하네요 
23,2019-01-24 19:12:02,13090659,2731,11,0, 플스4 pro vs. 짤방의 여자.gif (40mb) 
23,2019-01-24 19:16:48,13090679,1598,28,0, JTBC 말대로라면 자력구제하려한 것이네요? 
23,2019-01-24 19:22:30,13090697,1007,2,0," 오늘 플스 성공하신 유부들, 전직의 기회를 얻으셨습니다 "
23,2019-01-24 19:27:08,13090716,1166,2,0, 손석희 사장 후임으로 조갑제씨 추천합니다 
23,2019-01-24 19:32:23,13090733,3153,1,0, 경찰 '손석희 JTBC 대표이사 폭행 혐의 내사 중' 
23,2019-01-24 19:37:14,13090745,177,0,0, 오랜만에 크롬 북마크 정리하는 중입니다. 
23,2019-01-24 19:42:19,13090766,668,4,0, 탄산수 씨그램은 맛없군요 
23,2019-01-24 19:47:19,13090785,1085,5,0, 영어발음 오해로 상대가 큰 착각을 
23,2019-01-24 19:52:14,13090801,276,2,0, 이거 알면 아재?? 
23,2019-01-24 19:56:26,13090816,4409,24,0, ps4 용서받지 못한 자 등장.jpg 
23,2019-01-25 19:11:50,13094955,425,9,0, 그런데 클량분들은 우리나라를 범서방권이랑 제3세계국가중 어느쪽에 더 
23,2019-01-25 19:22:29,13094985,1130,2,0, 플스4 이 근방은 다 멸종인가봐요 
23,2019-01-25 19:32:14,13095012,831,11,2," [자유한국당] 정부의 외교적 무능 덮으려는 여당의 반일감정 조장, 씁쓸하다 "
23,2019-01-25 19:42:02,13095042,5328,37,11, 플스4 되팔렘 엄청 당당하네요. 
23,2019-01-26 19:06:34,13098788,2398,12,0, 손흥민 설렁설렁 뛰었다는데 제가 보기엔... 
23,2019-01-26 19:16:27,13098816,979,4,0, qcy t1 알구게에 그 폼팁인가? 얼마전에 구입해서 팁을 바꿨더니 엄청나네요 ㄷㄷ 
23,2019-01-26 19:27:25,13098839,1817,4,0, 첫 파스타 데뷔입니다. 
23,2019-01-26 19:37:01,13098864,3090,20,0, 꽃게 사오다 자동차 시트를 긁어먹었네요 
23,2019-01-26 19:47:12,13098893,1103,3,0, 어제 오늘 소개팅 하신분들 모여보십니다. 
23,2019-01-26 19:56:49,13098919,559,0,0, 뭔가 이번 축구는 
23,2019-01-27 19:06:54,13101847,2496,9,1, 독립운동하는 심정으로 출마하신 분. 
23,2019-01-27 19:17:13,13101858,1293,7,0," 성경을 간만에 읽는데(구약), 도둑의 침입에 관한 법... "
23,2019-01-27 19:27:00,13101885,1630,14,0, '성인이 된 영재들'이라는 책을 보니 지능지수는 고고익선이 절대 아닌듯 합니다. 
23,2019-01-27 19:35:34,13101911,837,11,0, 저는 앤썸 괜찮은 것 같네요 
23,2019-01-27 19:45:40,13101937,998,4,0, 질문이 끝나길 기다리는 
23,2019-01-27 19:56:19,13101968,2638,24,0, 저는 김수미 나오는 그 요리프로그램... 별로더군요. 
23,2019-01-28 19:07:08,13105687,1404,23,0, (스포) 킹덤 두 번째 정주행중입다.. 
23,2019-01-28 19:17:05,13105717,1443,3,0, 손혜원 의원 관련 새로운 사실처럼 보도하는 매체들 
23,2019-01-28 19:25:09,13105741,6336,67,1, 수입맥주중에 호불호 많이 갈리는 것.jpg 
23,2019-01-28 19:36:24,13105764,1690,2,0, 플스4 슬림 천호 현대 여유있네요 
23,2019-01-28 19:46:00,13105799,14327,28,0, 여장갤러리 레전드.jpg 
23,2019-01-28 19:57:11,13105830,3964,15,1, 현직 영국입니다.. 브렉시트.. 
23,2019-01-29 19:06:53,13109345,401,0,0, 알라딘 앨범 당일배송으로 수령했어요 
23,2019-01-29 19:16:01,13109367,2130,14,0," 변시 1회·사시 42기 '기수 다툼'..""우리가 선배야"" 결국 투표 붙여 "
23,2019-01-29 19:26:48,13109407,710,4,0, 이번분기 애니작화 최강은 이거 아닌가요?? 
23,2019-01-29 19:37:29,13109445,2891,3,0, [키움] 선수들 연봉계약 마쳤네요 
23,2019-01-29 19:46:01,13109465,2574,9,3, 7세기 일본은 백제·신라 본떠”…‘목간 연구’ 일본 학자들 인정했다 
23,2019-01-29 19:54:22,13109488,2415,16,0, 요즘 어린 청년들과 의사소통하는 법 
23,2019-01-30 19:02:04,13113676,2047,36,2, 전라도인데 일베 성향인 사람도 있네요 
23,2019-01-30 19:06:52,13113691,1437,5,1, 넷플릭스에 상류사회 업데이트 됐어요 
23,2019-01-30 19:11:27,13113712,1949,4,4, 2심에서 무혐의 
23,2019-01-30 19:16:39,13113731,471,0,3, ▶◀ 사법부 이젠 사법부 차례입니다. 
23,2019-01-30 19:22:01,13113757,1167,5,0, Sbs끝까지 파는 넘들부터 수상합니다 
23,2019-01-30 19:26:54,13113784,299,0,0, 토요일 날씨 영상권이네요. 
23,2019-01-30 19:31:53,13113816,1647,4,13, 돌이켜 보면...특검이 이상하리 만큼 자신만만 했음... 
23,2019-01-30 19:37:20,13113837,601,1,0, 클리앙 노인정에 다녀와봤습니다.. 
23,2019-01-30 19:42:02,13113857,1104,20,1, [YouTube] 이런 공간 + 오디오 시스템이 있으면 좋겠네요...ㅠㅠ 
23,2019-01-30 19:47:04,13113876,472,3,4, 재벌과 사법적폐는 떨어질 수 없습니다 
23,2019-01-30 19:51:11,13113884,1884,3,6, 성창호 판사 출신 보면 판결이 이해가 가는군요... 
23,2019-01-24 20:02:05,13090842,1443,12,7, 손석희 사장을 존경하는 1인입니다. 
23,2019-01-24 20:11:45,13090881,1058,1,0, 폭행여부보다 그간 쌓아온 인간 손석희 이미지가... 
23,2019-01-24 20:16:59,13090898,2204,19,0, 아...신혼여행 못갈꺼같아요... 
23,2019-01-24 20:21:15,13090918,17108,30,91, 황교활이 하나 터졌네요 
23,2019-01-24 20:27:16,13090938,1833,9,0, 일본 독감환자 '이상행동' 잇달아 
23,2019-01-24 20:32:14,13090956,1527,4,0," jtbc뉴스 진행, 오늘 손 앵커 대신 다른 앵커가 했나요? "
23,2019-01-24 20:37:21,13090976,4033,25,1, 손사장이 '아팠다면 폭행이고 사과한다'고 했답니다. 
23,2019-01-24 20:42:21,13090989,868,1,0, 신태용의 전술노트) 한국 V 바레인 (ft. 경희대 구너 
23,2019-01-24 20:47:12,13091006,649,5,0, 혼자 남산타워 올라갔다 왔습니다 
23,2019-01-24 20:51:25,13091023,1094,16,2, 혹시 아직 스타크래프트1 하시는 분 계신가요?ㅎㅎ 
23,2019-01-24 20:57:09,13091036,1987,7,16, 폭행은 솔직히 안믿는데 
23,2019-01-25 20:11:51,13095144,534,3,0, 이번 삼성 모바일 스토어 이벤트 신청 누락 경우가 있는거 같더군요 
23,2019-01-25 20:22:14,13095172,567,0,0, 축구할 시간이 다가오는데... 킹덤 재생 누르면 안되는데... 
23,2019-01-25 20:32:05,13095192,1620,5,0, @@@: 꺄 초계기다 
23,2019-01-25 20:41:15,13095213,2013,2,0, 킹덤 정주행 소감(스포 없음) 
23,2019-01-25 20:51:44,13095247,2185,10,0, 요즘 탄산수 음청 사먹네요 
23,2019-01-26 20:06:04,13098942,1983,5,0," 공포,심약주의] 인간을 사냥하고있는 흉폭한 맹금류.mp4 "
23,2019-01-26 20:17:19,13098967,2283,6,2, 저도 대게 시식 인증! 
23,2019-01-26 20:27:16,13098987,966,1,0, 변비 때문에 가끔 아락실을 먹는데... 
23,2019-01-26 20:36:00,13099008,4177,4,0, 100m 깊이 시추공에 빠진 두살배기 끝내 숨진 채 발견(종합) 
23,2019-01-26 20:47:01,13099033,542,2,0, [어린이책 추천]초3도서 '경주'-경주를 좋아하시는 어른에게도 추천합니다 
23,2019-01-26 20:57:08,13099061,1460,8,0, LG V40 카메라가 요상하네용. 
23,2019-01-27 20:06:45,13101996,1204,11,0, 보이차 좋아하세요?.. 
23,2019-01-27 20:15:30,13102023,1718,11,1, 프로듀스 48은 역대급 서바이벌 프로그램이었던거 같습니다. 
23,2019-01-27 20:27:08,13102050,1815,10,0, 지인에게서 vive를 빌려왔습니다 
23,2019-01-27 20:37:14,13102088,433,0,0, 프로듀스 그룹 해체콘 vod는 맨날 올레티비에서 제공하네요 
23,2019-01-27 20:47:10,13102120,542,0,0, 댕댕이 
23,2019-01-27 20:57:00,13102157,1827,7,1," 소개도, 여자분이 밥 사준다고 해도 귀찮고? 이렇게 혼자 사는걸까요? "
23,2019-01-28 20:06:38,13105853,607,7,0, 저는 아직도 한나라당이 입에 붙던데 ... 
23,2019-01-28 20:17:00,13105886,2700,2,4, 읭? 문통이 ‘방콕 대통령’이라고??? 
23,2019-01-28 20:26:02,13105907,7600,60,0, 태국 수완나품 공항 직원을 폭행한 한국인.gif 
23,2019-01-28 20:36:41,13105937,2598,33,2, ㅅㅅ은 왜 노트까지.엣지로 만든걸까요? 
23,2019-01-28 20:46:53,13105974,7745,28,25, 황교안 '부산 여자 드세서 남자한테 맞는 것' 
23,2019-01-28 20:57:01,13106007,4149,10,18, 아이즈원) 민주의 고민.gif 
23,2019-01-29 20:06:22,13109517,2585,6,0, 맥북에어는 설명서에 없던 용도가 있었쥬..jpg 
23,2019-01-29 20:17:07,13109558,534,3,0, 태권도 학원 밴이 브레이크등이 나갔네요 
23,2019-01-29 20:24:10,13109589,2863,22,0, 손혜원의원은 개신교 신도입니다. 
23,2019-01-29 20:37:29,13109637,274,6,0, KT 데이턱 100MB 10+10분입니다. 
23,2019-01-29 20:47:20,13109660,1523,7,0, 새소게글 보고 질렀습니다.jpg 
23,2019-01-29 20:57:12,13109695,450,1,0, 소화도 잘 안되고 먹어도 그냥 나오는것 같아 고민했는데 
23,2019-01-30 20:02:04,13113937,2208,9,0, 진짜 그냥 지나가다 PS4 프로구입 
23,2019-01-30 20:05:25,13113946,815,6,0, [노스포] 킹덤 2화째 봤습니다. 
23,2019-01-30 20:11:48,13113972,1206,14,2, 괴물들과 싸우려면 괴물이 되어야 하나요? 
23,2019-01-30 20:16:36,13113989,1072,6,1, 주운돈 맡기러 파출소 왔습니다. 
23,2019-01-30 20:22:20,13114017,369,1,2, ▶◀[나무의 서] -안치환- 
23,2019-01-30 20:26:31,13114033,530,3,0, 댓글조작 사건의 시발은 어디였나요?! 
23,2019-01-30 20:32:14,13114050,1660,5,1, 강릉 KTX는 제 삶을 참 윤택하게 해주는군요 
23,2019-01-30 20:36:55,13114066,997,4,1, 화가나서 참을수가 없네요. 저 원래 욕하지않는데 오늘은 예외입니다. 
23,2019-01-30 20:41:49,13114086,3278,6,23," 서기호 '성창호는 양승태 키즈, 법조인조차 이해되지 않는 황당한 판결 내려' "
23,2019-01-30 20:51:36,13114111,606,3,0, 클량정도 규모면 운영진들이 있겠죠? 
23,2019-01-24 21:02:10,13091049,624,9,0, 정장에 연한 핑크색 셔츠 입으면 너무 튀려나요. 
23,2019-01-24 21:12:00,13091095,1611,6,0," 그래서, 오늘 PS4 PRO는 성공들 하셨습니까? "
23,2019-01-24 21:16:18,13091110,1064,1,0," 포드, 유럽형 레인저에 2.0 디젤엔진 적용..국내 투입 전망은? "
23,2019-01-24 21:21:40,13091126,2873,6,0, 돈받기 싫은 판매자. 
23,2019-01-24 21:27:08,13091151,1416,4,0, 영화 극한직업 감상평 스포무 
23,2019-01-24 21:32:08,13091169,596,3,0, 오버클럭 하고나니 쾌적하네요 
23,2019-01-24 21:36:46,13091182,1090,4,0," Đất nước tôi,trò chơi bóng đá Việt Nam sẽ bắt đầu sau một thời gian "
23,2019-01-24 21:41:31,13091193,5234,16,0, 명절때마다 등장하는 음란한 쏘세지.jpg 
23,2019-01-24 21:47:20,13091214,967,10,0, [YouTube] 조립식? 게임기가 있군요. 
23,2019-01-24 21:52:08,13091235,662,8,0, 알리 배송 안오는거 디스풋 걸었더니 환불 결정 되었네요... 
23,2019-01-25 21:00:46,13095265,1336,6,0, 홍크나이트가 손사장을 옹호하네요 
23,2019-01-25 21:11:53,13095295,377,0,0, 어제 발사테스트한 블루오리진 뉴 쉐퍼드 영상 
23,2019-01-25 21:21:17,13095327,942,3,0, 뚜레쥬르 케익 저번주 일욜에 삿는데 
23,2019-01-25 21:30:39,13095353,1888,1,0, 킹덤을 보고나니 
23,2019-01-25 21:42:15,13095384,1442,1,0," 손흥민이 측면으로 간 이유는, 오늘은 직접 해결해달라는거죠 "
23,2019-01-25 21:51:50,13095416,1705,17,1, 올해 춘절(중국설) 중국인 여행지 순위 
23,2019-01-26 21:07:01,13099087,1232,10,0, 나고야 스파랜드 놀이기구 장난없더군요.. 
23,2019-01-26 21:17:18,13099110,5327,6,10, 전우용 교수님 각개격파중.jpg 
23,2019-01-26 21:27:20,13099144,994,1,0, 지름 인증 
23,2019-01-26 21:36:27,13099171,894,5,0, 페북 친구추천 정말 신기하네요.. 
23,2019-01-26 21:46:49,13099198,1819,4,1, 신발이 왔네요. 
23,2019-01-26 21:57:06,13099229,513,0,0, PPL하니까 얼마 전에 본 프로그램이 생각나네요. 
23,2019-01-27 21:06:55,13102189,6884,11,3, 개발자의 버그 픽스.gif 
23,2019-01-27 21:17:15,13102219,1252,12,0, 귤잼좋아하세요? 
23,2019-01-27 21:27:22,13102253,7200,32,3, 갠적으로 맥 쓰면서 최고앱.jpg 
23,2019-01-27 21:37:14,13102291,2172,6,1, 와 KFC 치킨나이트 + 맥주는 혜자군여!! 
23,2019-01-27 21:47:04,13102327,1036,13,1," 레노버나 dell, acer 등은 as가 왜 그런걸까요? "
23,2019-01-27 21:51:38,13102335,5334,7,4, 아이즈원 리더 독무.gif 
23,2019-01-27 21:55:40,13102346,1908,3,1, 스브스 미우새 보다 보니....김종국 편은 재미 없어서 째는 편인데..... 
23,2019-01-28 21:06:44,13106030,4348,7,2, 식물갤러리식 일침.jpg 
23,2019-01-28 21:17:08,13106057,2009,1,1, 핵인싸 꼬맹이 
23,2019-01-28 21:26:58,13106084,1248,12,6, 아이큐와 노력에 대한 잡설 하나.. 
23,2019-01-28 21:37:00,13106120,2608,8,0, [약혐] 방어 손질하기.ytb 
23,2019-01-28 21:47:03,13106161,2462,15,0, 국내 콘솔업체들 이익보면 진짜 눈물나네요 ㅠㅠ 
23,2019-01-28 21:57:10,13106201,1067,2,0, GS 육개장... 
23,2019-01-29 21:07:07,13109722,737,0,1, 독서모임 인원 모집!!! 
23,2019-01-29 21:17:03,13109759,261,2,0, Kt 데이터 나눔 
23,2019-01-29 21:26:58,13109790,349,2,3, 응원좀 해주세요. 
23,2019-01-29 21:31:47,13109802,5586,7,12, 아이즈원 조유리.gif 
23,2019-01-29 21:37:12,13109820,1109,2,0, 영국 모터사이클 회사 트라이엄프.tube 
23,2019-01-29 21:41:11,13109832,1837,6,0, QCY T1 물건이군요 
23,2019-01-29 21:47:05,13109855,2255,8,0, 갤럭시M10& M20 공식 홍보물 
23,2019-01-29 21:51:09,13109867,2635,18,43, 문재인 대통령 같은 분은 앞으로 잘 없을거에요 
23,2019-01-29 21:56:40,13109884,2312,11,0, 옥수수를 쓰기 시작하니 움짤 만들기가 편하네요 
23,2019-01-30 21:02:28,13114157,1265,8,2, 기레기+떡검+판새가 결합하면 무적이네요 ㄷㄷㄷ 
23,2019-01-30 21:05:37,13114171,1736,3,0, KT넷플릭스 심각하네요 
23,2019-01-30 21:10:19,13114188,5969,15,0, 유민상은 정말 브레인이 맞네요 
23,2019-01-30 21:16:49,13114200,2019,16,0, 키원 샀네요 
23,2019-01-30 21:22:21,13114214,2858,8,0, 체르노빌 그후 30년 
23,2019-01-30 21:25:14,13114220,1551,8,0, 스위치 os는 진짜 가벼운거 같아요 
23,2019-01-24 22:01:54,13091277,1430,9,0," 삼성 갤럭시s10, 암호화폐 지원하나?? "
23,2019-01-24 22:12:05,13091308,693,3,0, 스카이림 멀티플레이 모드 공개. GISA 
23,2019-01-24 22:16:45,13091334,2976,11,0, 우리 헬스클럽에 미인이 많은 걸 몰랐네요 
23,2019-01-24 22:21:54,13091352,371,0,0, 확실히 일본이 패스는 잘하네요 ㄷㄷㄷ 
23,2019-01-24 22:26:56,13091375,113,0,0, ㅋㅋㅋㅋ 노골 
23,2019-01-24 22:31:56,13091460,448,0,0, 바레인전보다 베일전 경기가 더 재밌는 느낌 ㅋㅋ 
23,2019-01-24 22:37:13,13091477,2474,6,2, 베트남 키퍼 
23,2019-01-24 22:41:48,13091507,499,1,0, 글고보니 바이오하자드2 가 내일 나오네요 
23,2019-01-24 22:46:55,13091540,1698,4,0, [아시안컵] 베트남 골키퍼는 왜 자꾸 '양반놈' 같은지... 
23,2019-01-24 22:51:36,13091555,2536,15,0, 동네에 스벅R 이 생겼네요 
23,2019-01-24 22:57:07,13091583,3323,10,11, 항일전 잼나네요 
23,2019-01-25 22:01:39,13095452,1288,4,1, 편의점도 맥주전쟁이네요. 
23,2019-01-25 22:11:49,13095475,4473,0,5, 손석희 보도한 뉴스데스크.jpg 
23,2019-01-25 22:22:08,13095515,188,0,1, 공격루트 왼쪽이 많은듯 
23,2019-01-25 22:32:05,13095568,1514,7,1, 배가놈 목소리 강제 출연 
23,2019-01-25 22:41:23,13095602,787,8,1, 전술중에 역습이란게 없나요? 
23,2019-01-25 22:52:03,13095659,6373,37,1, 아파트 쓰레기장에 버려진 결혼액자.jpg 
23,2019-01-26 22:06:58,13099259,702,0,0, 내일 마트 쉬는날이라 늦게 다녀왔네요 
23,2019-01-26 22:16:31,13099285,3709,6,0, 참이슬 한방울잔 아이린 rev 
23,2019-01-26 22:27:25,13099310,987,3,0, 제가 생각하는 최고의 애니 ost 
23,2019-01-26 22:37:15,13099340,1962,9,0, 여자친구 마지노선 이요? 
23,2019-01-26 22:46:01,13099361,2331,18,0, 우리나라 코메디 영화 레전설은 
23,2019-01-26 22:56:49,13099386,438,3,0, 저의 최고의 애니메 OST는... 
23,2019-01-27 22:02:07,13102369,2867,12,2, 이병헌 감독 연출 ‘멜로가 체질’ JTBC 하반기 편성…“천우희 검토” 
23,2019-01-27 22:06:47,13102387,1039,4,6, 친일수꼴들이 우파 코스프레 하면서 좌파 들먹이는데 
23,2019-01-27 22:11:16,13102396,4012,7,4, [덕 주의] 여친이 커피는 주는데... 
23,2019-01-27 22:17:02,13102406,1070,3,1, 오늘 효도르 경기가 있었군요 
23,2019-01-27 22:22:08,13102424,2968,17,1, 샤잠 한글 로고 실화입니까... 
23,2019-01-27 22:27:28,13102447,2920,9,8, 손혜원 효과..관광객 '북적'[목포MBC뉴스데스크] 
23,2019-01-27 22:31:50,13102461,733,2,1, 배그 3연속 치킨먹었네요 
23,2019-01-27 22:36:51,13102473,1237,0,2, 대두 모자 너무 좋네요 
23,2019-01-27 22:42:25,13102499,11359,6,4, (후방) 바바후미카.jpg 
23,2019-01-27 22:47:06,13102515,3743,2,2, 워셔액남 
23,2019-01-27 22:51:33,13102530,4988,13,0, SKT 사장 ''사장님' 대신 '제이피'라고 불러달라' 
23,2019-01-27 22:56:34,13102539,1596,3,0, 골목식당 보면 회사사람들이랑 결국 비슷한것 같아요. 
23,2019-01-28 22:07:12,13106230,309,7,0, 저는 뭘로 메모 되있으려나요..? 
23,2019-01-28 22:17:12,13106267,3016,5,1, “위안부 후원 브랜드 가방 들지 말라”금지령 제주항공 日협력업체.gisa 
23,2019-01-28 22:27:01,13106304,2425,5,0, 한류 붐으로 흑자전환 “세계 제일의 점포”를 목표로 타워레코드의 도전 (일어주의) 
23,2019-01-28 22:36:49,13106343,3139,21,1," '한국인 관광객, 태국 수완나폼 공항서 직원 뺨 때려' "
23,2019-01-28 22:47:24,13106377,715,5,0, 저의 첫 클리앙 진입과 첫 pda는... 
23,2019-01-28 22:56:35,13106417,682,8,0, 알라딘 중고서점 책도 인터넷 주문하고 싶네요 
23,2019-01-29 22:00:40,13109892,1607,5,10," 김복동 할머니의 마지막 말,'일본 해도 해도 너무한다' "
23,2019-01-29 22:06:50,13109908,874,9,0, 지금 타이밍이 폰 바꾸는게 참 애매하네요 
23,2019-01-29 22:12:03,13109926,1205,5,4, 아이즈원 미공개 영상이 
23,2019-01-29 22:16:34,13109940,1003,11,0, 모공보니..모바일 탑승권 많이들 쓰시는군요? 전 언제나? 
23,2019-01-29 22:21:53,13109950,5993,16,0," 김나영, 직접 이혼 발표..”남편 신뢰 깨졌다..두 아이 혼자 키울 것” "
23,2019-01-29 22:26:59,13109968,5003,4,1, 복숭아밭 아가씨가 너무 관능적이네요. 
23,2019-01-29 22:31:45,13109986,1176,2,0, 파x다학원은 명절때마다 꾸준히 이벤트하네요 
23,2019-01-29 22:37:30,13110001,2895,4,7, 성매매 여성은 탈세범이죠 
23,2019-01-29 22:42:03,13110015,804,6,0, '짤방'이라는 단어 알면 아재 라는 증거 아닌가요 ? 
23,2019-01-23 23:12:18,13087229,625,2,0, 트위치 킹오파98 정인신선 VS 정질 붙습니다! 빨리오세요 
23,2019-01-23 23:17:02,13087245,1431,4,0, 골목식당 방학 때 경희대 앞 답사? 
23,2019-01-23 23:26:50,13087276,1469,4,0, 여긴 졸업해도 그냥 고졸같은데 아무튼 대안 대학교라네요.. 
23,2019-01-23 23:31:56,13087289,1225,2,0, 스팀유저이지만 플스를 사는 이유.. 
23,2019-01-23 23:36:58,13087307,12825,33,197, 연합뉴스가 손혜원 기사를 조작하는 방식 
23,2019-01-23 23:41:50,13087318,4988,17,1, 피임이 어려웠어요 
23,2019-01-23 23:46:28,13087330,343,2,1, 게시글 글자가 까맣게 보이는 경우가 있네요... 
23,2019-01-23 23:51:45,13087343,314,0,0, 컴퓨터 한번 더 초기화 해야겠네요. 
23,2019-01-23 23:57:15,13087361,2769,25,0, 신기한 자전거 운동 기구를 봤어요. 
23,2019-01-24 23:01:37,13091598,1192,7,0, 일본은 키퍼가 구멍 우리나라는 키퍼가 최강ㅋ 
23,2019-01-24 23:11:59,13091634,452,1,0, LOL) 젠지는 안되겠네요.... 
23,2019-01-24 23:31:53,13091711,706,2,0, 아 아쉽 
23,2019-01-24 23:42:17,13091745,3753,7,1, 아이즈원) 오늘 브이앱 한짤 요약.gif 
23,2019-01-24 23:51:25,13091772,1257,5,0, 근데 만약 넥슨을 삼성에서 사게 된다면 
23,2019-01-25 23:11:31,13095763,648,2,0, 선수들이 집중력이... 
23,2019-01-25 23:22:24,13095820,450,1,0, 카타르가 너무 겁먹은거 아닌가요 
23,2019-01-25 23:32:13,13095901,431,2,0, 정우영 존 
23,2019-01-25 23:42:19,13096064,1998,3,0, 손흥민 왜 쓰는 건지요? 
23,2019-01-25 23:52:14,13096181,851,7,0, 침대축구가 최고다 진짜 
23,2019-01-26 23:05:47,13099416,656,2,0, 온라인으론 도박이나 로또나 안하는게 좋은 것 같아요 
23,2019-01-26 23:17:07,13099455,2230,14,0, 커피맛 보러 가는 체인 
23,2019-01-26 23:27:21,13099489,2371,14,0, 애플 ㅂㄷㅂㄷ 
23,2019-01-26 23:36:51,13099530,714,8,0, 노트북 뽐이 죽질 않네요 
23,2019-01-26 23:47:11,13099577,1291,10,2, 벤투 욕하시는 분들 공통점 
23,2019-01-26 23:56:58,13099623,2474,5,0, [스캐] 케이가 왜 벽에 그렇게 쓰는지... 나왔군요. 
23,2019-01-27 23:02:15,13102562,1335,14,0, 소개팅 한 30명 정도 하면 인연을 만날수 잇을까요? 
23,2019-01-27 23:06:43,13102582,3867,11,0, 진짜 갖고 싶은 전화기 
23,2019-01-27 23:17:09,13102618,1832,11,0, 구급차 타본 후기 
23,2019-01-27 23:21:22,13102636,1473,11,0, [약스포] 넷플릭스 킹덤 1화를 보았습니다. 
23,2019-01-27 23:27:07,13102652,1969,9,1, (노스포) 킹덤 후기 
23,2019-01-27 23:31:01,13102666,1541,5,10, 진짜 스트레이트 보는데 뒷목잡게 만드네요 
23,2019-01-27 23:36:52,13102680,1590,30,1," 법인대표, 개인사업자 등의 소득은 근로자들의 소득과 다른 듯요. "
23,2019-01-27 23:42:20,13102699,4613,4,29, 김앤장은 정말 사회악이네요 
23,2019-01-27 23:46:46,13102716,1927,7,0, 14년전 구매해서 아직까지 사용하는 사운드카드. 
23,2019-01-27 23:52:07,13102729,781,8,1, 기레기들은 초계기 문제를 딴나라 일처럼 다루네요 
23,2019-01-27 23:56:30,13102745,1337,5,0, LG U+ 넷플릭스 속도 
23,2019-01-28 23:06:27,13106452,1566,12,0, 홍준표 “나는 누명 쓰고 쫓겨난 조강지처…다시 받아들이는 게 도리” 
23,2019-01-28 23:16:29,13106477,1188,9,1, 아니 삼성 보급형엔 배터리 팍팍 넣어주는데 플래그쉽은 왜... 
23,2019-01-28 23:27:05,13106515,1384,6,0, u+ IPTV로 바꿨는데 많이 편해졌습니다. 
23,2019-01-28 23:36:21,13106538,1708,0,0, 뭔 사건이 터졌나요? 
23,2019-01-28 23:46:45,13106580,595,14,0, 코빈 모호한 입장에… 英 젊은층 노동당 지지율 하락세 
23,2019-01-28 23:57:06,13106609,1461,8,2, 글이 200개가 넘는데 댓글이 0개인 회원의 커뮤니티를 하는 목적이 뭘까요? 
23,2019-01-29 23:02:08,13110073,1017,4,0, 다들 지금 뭐 드시고 계세요?!! 
23,2019-01-29 23:06:49,13110085,2482,9,0, 새 컴퓨터가 때깔도 곱네요 
23,2019-01-29 23:11:02,13110099,5124,12,0, 해운대 모텔입니다 
23,2019-01-29 23:16:36,13110108,1361,2,0, 이 경찰은 어찌 되었을까요 
23,2019-01-29 23:21:51,13110127,3055,6,1, 빚쟁이의 삶..(feat. 디딤돌) 
23,2019-01-29 23:27:03,13110148,1350,1,0, PD수첩보는데 무안단물이 나오네요 
23,2019-01-29 23:32:05,13110160,482,3,1, [Teaser] CLC - No 
23,2019-01-29 23:37:32,13110170,1920,13,0, Kt 넷플 진짜 미치겠네요 
